mean,std,ptp,slope,zcr,spike_count,hjorth_mobility,hjorth_complexity,rms_first_diff,cluster
1.2632985,0.002739133,0.014767051,-6.263933e-06,0.33,0.06,1.05154,1.216847,0.002880825,0
1.2633414,0.0032250385,0.017404437,2.846677e-06,0.28,0.05,0.9257579,1.2738494,0.0029856034,0
1.2628437,0.0029913222,0.017991066,-2.60136e-05,0.23,0.04,0.87477714,1.3574073,0.0026169627,0
1.2622149,0.0021915224,0.011898994,8.723261e-06,0.29,0.06,0.9474366,1.3586217,0.0020764424,0
1.2622478,0.002232828,0.011116505,-1.2318502e-05,0.28,0.06,0.9095604,1.420565,0.002030927,0
1.2613834,0.0023121084,0.014162779,-2.663479e-05,0.24,0.04,0.8731492,1.4552494,0.0020188105,0
1.2609881,0.0027257798,0.016828895,1.811111e-05,0.32,0.03,0.99208426,1.2064011,0.0027046206,0
1.2587733,0.012141419,0.05517602,-6.508166e-05,0.27,0.07,1.1125221,1.0670537,0.013509784,0
1.2924597,0.057629514,0.258101,0.0013198134,0.11,0.0,0.3731116,2.8993192,0.021604348,1
1.3412225,0.05917865,0.24769485,0.00019325907,0.14,0.0,0.38864806,2.7711794,0.023000322,1
1.3186257,0.05441038,0.24795532,-0.0015628191,0.15,0.0,0.41390014,2.8379104,0.022649642,1
1.3373053,0.0724853,0.23059046,0.0019257731,0.01,0.0,0.24803773,4.4009056,0.018056458,1
1.4270848,0.058858547,0.22521555,0.0013875026,0.03,0.0,0.1349611,4.4097548,0.008181049,1
1.4554367,0.011875976,0.040614486,-0.0003581352,0.07,0.0,0.276836,4.4801054,0.0033025555,1
1.4446281,0.0053086514,0.023683786,-0.000118579446,0.14,0.04,0.5697951,2.2290978,0.0030250351,0
1.4487109,0.008505832,0.028897524,0.00027641768,0.05,0.01,0.20098692,6.0613885,0.001725311,1
1.4607581,0.011397387,0.057068586,0.00023550693,0.03,0.01,0.3983582,2.770346,0.0045443256,1
1.4621135,0.028400315,0.112152696,-0.00032450797,0.05,0.0,0.17925705,5.4968934,0.0051562754,1
1.4414194,0.043622587,0.14548588,-0.00051047973,0.07,0.0,0.17588867,3.2733867,0.007682539,1
1.4558525,0.059075255,0.20385385,0.0016575513,0.05,0.0,0.16541824,3.633005,0.009920315,1
1.5120671,0.059504334,0.19740391,0.0014715614,0.03,0.0,0.14242212,3.8812885,0.008642664,1
1.5606627,0.044291478,0.16180372,0.0010290401,0.01,0.0,0.12818155,4.0313983,0.005694122,1
1.5943669,0.0153177725,0.05855739,0.00039417407,0.05,0.01,0.23615476,4.4866633,0.003627193,1
1.6161385,0.01656188,0.06495619,0.00049702474,0.01,0.0,0.19520882,5.6942067,0.003259485,1
1.6312447,0.00406287,0.016674161,0.00012223537,0.09,0.01,0.4133717,2.783711,0.0016864031,1
1.637041,0.0043067937,0.026426792,9.868392e-05,0.15,0.03,0.7168671,1.6917912,0.0030889513,0
1.6431645,0.0046852534,0.022122145,0.000104159146,0.09,0.02,0.6875975,1.8028979,0.0032218234,0
1.646597,0.0022671025,0.011040688,2.218713e-05,0.23,0.03,0.7982607,1.5964329,0.0018106612,0
1.6490177,0.0035666046,0.021211863,8.350367e-05,0.19,0.04,0.7903217,1.5910106,0.0028204196,0
1.6549138,0.0069318837,0.04983282,0.00012745721,0.13,0.01,0.76483315,1.6103514,0.0053022853,0
1.6596124,0.0065245586,0.04983282,6.6997534e-05,0.21,0.03,0.81752044,1.5307024,0.0053346343,0
1.6617738,0.0041000266,0.024530053,6.626189e-05,0.21,0.03,0.7444671,1.760858,0.0030529615,0
1.6633092,0.0022742306,0.010912657,2.366343e-05,0.3,0.02,0.89752936,1.468067,0.0020413685,0
1.6645153,0.00228703,0.014089942,3.0187888e-05,0.27,0.04,0.96834093,1.3436106,0.0022152027,0
1.6662571,0.0031144375,0.018678665,2.9708808e-05,0.28,0.03,0.9313379,1.3415904,0.0029006093,0
1.66683,0.002610262,0.018678665,-1.6000904e-05,0.25,0.02,0.9356833,1.3206878,0.002443006,0
1.6669062,0.0023878682,0.015179396,2.4041867e-05,0.19,0.02,0.7578085,1.5991111,0.0018104725,0
1.666966,0.0025676826,0.015103221,-4.7063113e-06,0.23,0.02,0.79672056,1.5388248,0.002046032,0
1.6665007,0.002403709,0.023178697,6.012891e-06,0.3,0.02,0.92025095,1.3589219,0.0022120122,0
1.6670117,0.0031633999,0.026454449,2.1303653e-05,0.33,0.03,1.0040486,1.2837011,0.0031762128,0
1.6679004,0.0030962217,0.017258763,6.610085e-06,0.34,0.04,1.0531816,1.2396601,0.0032608937,0
1.6683115,0.002584328,0.016071916,2.0076418e-06,0.28,0.03,1.0003736,1.28855,0.002585295,0
1.6686536,0.0019576598,0.016071916,4.6062146e-06,0.39,0.04,1.00383,1.2579674,0.0019653942,0
1.6689736,0.0019982113,0.0138527155,4.5764414e-06,0.35,0.03,0.9071392,1.3578054,0.0018128143,0
1.6690724,0.0023547816,0.014722347,9.627091e-06,0.27,0.03,0.9319762,1.2783937,0.002194599,0
1.6693138,0.002275726,0.016030192,2.21285e-05,0.28,0.03,0.9078508,1.3744534,0.0020662842,0
1.65974,0.01662026,0.064386725,-0.00039112856,0.02,0.0,0.19723912,4.037845,0.003278963,1
1.6418849,0.022190029,0.08140135,-0.00041027358,0.07,0.0,0.2360379,2.6378942,0.005270586,1
1.636578,0.019500723,0.07894802,-1.3394804e-06,0.09,0.0,0.2982798,2.2774258,0.0058383713,1
1.625291,0.025314787,0.102659345,-0.00026009642,0.07,0.0,0.22552843,3.3983388,0.0057140933,1
1.640147,0.034105454,0.11658418,0.0010634577,0.03,0.0,0.14301854,6.023893,0.0049091377,1
1.6679854,0.0037971674,0.025672317,-4.0142095e-05,0.12,0.03,0.6871272,1.7789402,0.0026104972,0
1.6662126,0.0029302733,0.015022397,-3.6021247e-05,0.19,0.02,0.66973644,1.8567069,0.0019630012,0
1.6665487,0.002046286,0.010778546,4.6889e-05,0.23,0.02,0.6786545,1.850728,0.0013898539,0
1.6689506,0.0032684144,0.018699765,6.265283e-05,0.25,0.03,0.7375929,1.5785995,0.0024110868,0
1.6709872,0.0036861233,0.021213531,4.3905082e-05,0.23,0.04,0.86158514,1.437889,0.0031760423,0
1.6693164,0.0038264624,0.022349954,-6.828614e-05,0.14,0.03,0.7491634,1.7487698,0.0028666584,0
1.6676245,0.0024045857,0.015871525,2.2529215e-05,0.2,0.03,0.8503374,1.4916382,0.0020447029,0
1.6695468,0.0023026424,0.010731816,5.6373952e-05,0.19,0.01,0.7192317,1.785729,0.0016582983,0
1.6716416,0.002370192,0.014329314,4.2273667e-05,0.34,0.03,0.8689888,1.4941107,0.0020596725,0
1.6731465,0.0029602016,0.018453598,3.925066e-05,0.19,0.05,0.9360071,1.3557163,0.002770946,0
1.6744287,0.0029047432,0.018453598,2.8269566e-05,0.32,0.04,0.98111653,1.2713686,0.002849919,0
1.6748264,0.0024758566,0.016649127,-8.077701e-06,0.28,0.02,1.0208281,1.2204258,0.002527426,0
1.6749449,0.002600295,0.015881658,4.2883175e-06,0.34,0.03,0.97777426,1.29122,0.0025425013,0
1.6749787,0.0029775552,0.017689705,-1.1011125e-05,0.34,0.04,1.0033177,1.2859659,0.002987577,0
1.6747575,0.0040751817,0.02442944,-1.18965845e-05,0.26,0.04,0.9410239,1.3198215,0.0038348984,0
1.6737787,0.0035755702,0.023908377,-4.9996175e-05,0.28,0.03,0.85034627,1.4017936,0.0030404925,0
1.6730905,0.00246438,0.016982079,9.745467e-06,0.34,0.02,0.9881697,1.2772143,0.0024352253,0
1.6740986,0.0035787192,0.016982079,1.9894904e-05,0.22,0.05,0.93016857,1.3178152,0.0033288843,0
1.6746571,0.003085262,0.016003132,-5.3230665e-06,0.22,0.05,0.9138908,1.3266336,0.0028195907,0
1.6739283,0.00226147,0.013953686,-1.8209985e-05,0.29,0.05,0.9535143,1.2906617,0.0021577512,0
1.6755114,0.008416666,0.062776804,9.375803e-05,0.15,0.01,0.6147961,1.8259742,0.0051748627,0
1.6732489,0.013184542,0.08298159,-0.0001675024,0.13,0.01,0.81346095,1.5013442,0.010733818,0
1.6566623,0.03669483,0.17525685,-0.00013836268,0.08,0.0,0.43629527,2.703864,0.01600978,1
1.6614156,0.03737248,0.17119157,0.00078167976,0.03,0.0,0.3444012,3.2105172,0.012883587,1
1.6782205,0.0022356163,0.015031576,-9.296443e-06,0.33,0.04,0.9832115,1.3275379,0.0021984233,0
1.6778378,0.001944989,0.01030612,-1.4144178e-05,0.44,0.04,1.0962813,1.1858975,0.0021322598,0
1.6770483,0.0019300112,0.012405038,-8.9568475e-06,0.37,0.03,1.0208908,1.2091559,0.0019704187,0
1.6770432,0.0028418605,0.01681161,1.8531155e-05,0.36,0.04,0.99822944,1.2597218,0.0028368316,0
1.6769836,0.0026421319,0.01681161,-1.45142185e-05,0.38,0.03,1.0190973,1.2416935,0.0026925912,0
1.6767397,0.0012165655,0.006848693,1.1137603e-05,0.36,0.01,0.9569628,1.2379007,0.001164291,0
1.6757333,0.008628513,0.07936907,-6.186153e-05,0.18,0.01,1.1414715,1.2067881,0.009849214,0
1.6779033,0.0147801265,0.10728133,9.652637e-05,0.3,0.03,1.073472,1.2105153,0.015866464,0
1.6770495,0.015979055,0.09546101,-9.902343e-05,0.27,0.03,1.0073773,1.221801,0.01609697,0
1.6780672,0.015293912,0.09580231,0.00018058259,0.32,0.03,0.9183206,1.2665446,0.014044733,0
1.6824782,0.012908021,0.07891035,-5.3272895e-05,0.26,0.04,0.94292986,1.2508038,0.012173978,0
1.68219,0.009692786,0.05519104,-3.7311387e-05,0.24,0.04,0.9647738,1.2379471,0.0093515655,0
1.6837887,0.010280888,0.059871793,2.8565823e-05,0.23,0.02,0.9894145,1.2200154,0.010176589,0
1.6810851,0.014701851,0.06840718,-0.00011268149,0.35,0.03,1.0833206,1.2129818,0.015927022,0
1.6812421,0.015962744,0.08674073,6.829465e-05,0.31,0.04,1.0181786,1.2566751,0.016253462,0
1.6782753,0.02304041,0.13833165,-0.00027910364,0.24,0.03,0.877415,1.3538363,0.020216003,0
1.6541853,0.028548716,0.12852633,-0.00065743004,0.11,0.07,0.6452952,1.8710625,0.01843584,0
1.6194185,0.021325523,0.071808934,-0.0006124065,0.03,0.0,0.14003919,6.3101625,0.0030277236,1
1.6018752,0.003921787,0.026320934,1.4809738e-05,0.21,0.01,0.70672435,1.789671,0.0027761743,0
1.6026149,0.008748747,0.040287733,-4.6616995e-05,0.14,0.02,0.44598088,2.7811615,0.0039025624,1
1.5973637,0.010398162,0.040287733,-0.0002713425,0.03,0.01,0.32362634,3.7817826,0.0033674524,1
1.5905818,0.006947148,0.048249006,-1.497343e-05,0.08,0.02,0.57234776,1.8189774,0.0039774943,0
1.6200998,0.039886706,0.14035511,0.0011992023,0.01,0.05,0.23887888,4.6639953,0.009585432,1
1.6594408,0.031060299,0.13237011,0.0004397008,0.18,0.03,0.491442,2.3980083,0.015269943,1
1.6659095,0.017101675,0.09881687,-0.0001648419,0.2,0.04,0.73035413,1.6118865,0.012496259,0
1.6645579,0.006562454,0.04001224,5.7380177e-05,0.11,0.0,0.31010926,3.051585,0.0020663196,1
1.667135,0.0060806065,0.041338205,4.3440286e-05,0.23,0.04,1.028345,1.267183,0.006252969,0
1.6711121,0.006860243,0.041338205,9.722627e-05,0.2,0.03,0.96177495,1.3482207,0.0065980484,0
1.6713295,0.008740539,0.03839159,-5.4892538e-05,0.25,0.06,1.0722556,1.1224152,0.009372771,0
1.6702367,0.012255913,0.04616964,5.822039e-05,0.38,0.06,1.16073,1.0261797,0.01422586,0
1.6715161,0.01264301,0.044740558,2.2466758e-05,0.39,0.02,1.1537055,1.0253754,0.014589665,0
1.67102,0.012443675,0.049244046,-1.43437155e-05,0.4,0.02,1.1423017,1.0346891,0.014215492,0
1.6708249,0.013412365,0.054064274,-5.7274565e-06,0.4,0.03,1.1363795,1.0485998,0.015241538,0
1.6732109,0.0112870075,0.046342015,9.7559845e-05,0.25,0.05,1.0296527,1.1681182,0.011625463,0
1.6762308,0.0052503604,0.037408352,5.6788565e-05,0.25,0.03,0.63958895,2.0411065,0.003368814,0
1.676683,0.0023859967,0.01629293,-1.6971544e-05,0.34,0.03,0.94682795,1.289723,0.0022592158,0
1.6766723,0.0028664987,0.01799786,9.230817e-06,0.4,0.05,0.9924374,1.2829769,0.0028448494,0
1.6773411,0.0031969538,0.017808318,8.290472e-06,0.33,0.06,1.0072834,1.2204791,0.0032205512,0
1.6777606,0.0030100236,0.016656876,1.3885653e-05,0.35,0.04,0.9775083,1.2419249,0.0029427377,0
1.6788961,0.002871991,0.01975274,4.3146778e-05,0.33,0.02,0.8787045,1.4154543,0.0025238427,0
1.6799896,0.0028046218,0.01911652,1.3006288e-05,0.31,0.02,0.99242944,1.2529591,0.0027834345,0
1.6805851,0.0026403049,0.018221855,1.9448245e-05,0.32,0.03,1.0179288,1.2684053,0.0026876463,0
1.6805086,0.0021102123,0.012347817,-1.5450352e-05,0.37,0.02,0.9785628,1.3034751,0.0020661342,0
1.6800426,0.002219517,0.012774348,7.319422e-07,0.35,0.03,0.97753954,1.2976031,0.0021697974,0
1.679948,0.002884817,0.01777649,-3.3729812e-06,0.36,0.05,0.98407984,1.2361922,0.002840424,0
1.6792778,0.0027405312,0.015466332,-4.5609995e-06,0.36,0.03,0.96290725,1.2414445,0.0026390227,0
1.6797614,0.009079749,0.06849694,4.0236526e-05,0.31,0.02,0.9814636,1.2300026,0.008911572,0
1.6797364,0.009048078,0.06849694,-2.4713747e-05,0.35,0.02,0.98849386,1.2269647,0.008943982,0
1.6756424,0.008766866,0.045877576,-0.0001150446,0.18,0.02,0.8900458,1.2970985,0.007802913,0
1.6765854,0.009246942,0.045877576,0.00011046718,0.24,0.02,0.8503182,1.3575987,0.007863208,0
1.6798564,0.0024979552,0.013297319,-1.3485677e-05,0.35,0.05,0.91968966,1.3068448,0.002297845,0
1.6802247,0.002784261,0.01900518,4.0660216e-05,0.34,0.02,0.9000069,1.3367862,0.0025058629,0
1.6819583,0.003062912,0.015364885,2.5186546e-05,0.31,0.05,0.95429546,1.2729186,0.002923882,0
1.6823297,0.0026048778,0.013908625,-1.1924494e-05,0.34,0.06,1.0229195,1.2212797,0.0026645814,0
1.6816435,0.0024655194,0.015036106,-2.1626824e-05,0.32,0.04,1.0368319,1.2637701,0.0025569198,0
1.6813567,0.0020673703,0.015036106,5.6522713e-06,0.32,0.03,1.0389756,1.2625881,0.0021479668,0
1.6815422,0.0016834578,0.0122715235,-6.2226104e-07,0.32,0.02,1.0597885,1.1517808,0.001784131,0
1.6817346,0.0023812621,0.017611623,6.420529e-06,0.42,0.03,1.0202749,1.2293239,0.0024295435,0
1.6827644,0.0031925256,0.016257644,3.4632452e-05,0.23,0.03,0.7570904,1.5802935,0.0024171749,0
1.6834062,0.0031236084,0.015758038,-5.2712044e-06,0.2,0.05,0.81973594,1.4646517,0.002560532,0
1.6827313,0.0022410012,0.017906666,-2.1453161e-05,0.36,0.03,0.9999067,1.2862498,0.0022408457,0
1.6825601,0.0015702675,0.013340473,9.0864805e-06,0.25,0.01,0.9674308,1.2704897,0.001521193,0
1.6833653,0.0030114262,0.018488169,1.3848008e-05,0.27,0.04,0.95411557,1.2942966,0.002873265,0
1.6828505,0.0030155557,0.018753171,-3.62913e-05,0.23,0.03,0.8682205,1.370327,0.0026228686,0
1.6813713,0.0018869021,0.012942195,-1.04939545e-05,0.31,0.01,0.87872386,1.368957,0.0016583101,0
1.6804248,0.0020744293,0.012942195,-1.4388182e-05,0.34,0.04,0.9157928,1.3772281,0.0018997433,0
1.6801019,0.0018578283,0.013282418,-4.513921e-06,0.32,0.02,1.030176,1.2702703,0.001914057,0
1.6804519,0.002436439,0.016346335,1.3428668e-06,0.32,0.02,1.0327725,1.2182387,0.0025162937,0
1.680529,0.0027199357,0.016070604,-2.4979693e-06,0.34,0.04,1.0154066,1.2556981,0.0027619242,0
1.6804982,0.0026065486,0.015388131,-9.781578e-07,0.35,0.04,1.0325769,1.2509677,0.0026915472,0
1.6803266,0.0022348482,0.016828299,-9.53367e-06,0.36,0.01,1.0509285,1.1580187,0.0023494035,0
1.6802645,0.0022974908,0.015762568,1.0336299e-05,0.36,0.02,1.0613582,1.2027535,0.0024390842,0
1.6810406,0.0027722546,0.019551992,2.4823265e-05,0.4,0.03,1.0256846,1.2684062,0.0028448233,0
1.6824875,0.0028035645,0.01865518,3.5699766e-05,0.3,0.02,0.8912409,1.4170214,0.0024986481,0
1.6836935,0.0030800863,0.016777039,2.7011198e-05,0.23,0.03,0.934474,1.3143795,0.0028784934,0
1.6841035,0.002909997,0.016777039,1.644036e-05,0.32,0.05,0.9889006,1.2764925,0.0028777448,0
1.6839821,0.0017602786,0.010704875,-3.236795e-06,0.35,0.04,0.9737294,1.2843579,0.0017142274,0
1.6836003,0.0012235179,0.0077944994,-8.028679e-06,0.3,0.01,1.0014788,1.182524,0.0012254326,0
1.6837698,0.002092751,0.01704657,1.6126241e-05,0.33,0.02,0.97893447,1.2675304,0.0020493846,0
1.6840329,0.0022007173,0.016505241,1.6893333e-06,0.3,0.03,0.95006436,1.3076615,0.0020908404,0
1.6836648,0.0014399666,0.010711789,-1.0390772e-05,0.34,0.01,0.9308452,1.3537041,0.0013403822,0
1.6835867,0.0021152762,0.01781094,4.103141e-06,0.41,0.01,0.9631174,1.3470473,0.002037281,0
1.6834178,0.0025345876,0.01972115,-1.1126692e-05,0.38,0.03,0.9039571,1.4047233,0.0022911546,0
1.683304,0.0019046643,0.012200236,8.089409e-06,0.32,0.04,0.9046166,1.3887008,0.0017230295,0
1.6834584,0.0016961604,0.012160778,1.5002458e-06,0.28,0.03,0.906386,1.3601446,0.0015375668,0
1.6829917,0.0017670916,0.013721943,-1.126874e-05,0.34,0.02,0.9314037,1.3673714,0.0016458723,0
1.6825937,0.0014653155,0.007865548,-1.3222195e-06,0.35,0.03,1.0517577,1.2642848,0.0015412584,0
1.6825914,0.0019917707,0.016518712,-3.379551e-06,0.37,0.01,0.96212023,1.2954847,0.0019163555,0
1.6834319,0.0028189097,0.016518712,1.8909222e-05,0.24,0.03,0.8466251,1.371686,0.002386599,0
1.6843678,0.002880096,0.015806556,3.1804016e-06,0.26,0.05,0.9686596,1.2769433,0.0027898334,0
1.6851741,0.0028320877,0.018827915,2.7501153e-05,0.26,0.03,0.96738106,1.3005879,0.0027398965,0
1.6862828,0.0026088373,0.01716721,1.9272478e-05,0.33,0.04,0.9615378,1.2988801,0.0025086405,0
1.6862013,0.0021052787,0.012351871,-1.2921612e-05,0.39,0.04,0.9997585,1.2358304,0.0021057373,0
1.6863631,0.0028875961,0.015812278,1.6983002e-05,0.25,0.03,0.7970919,1.5066018,0.002302389,0
1.686179,0.002930272,0.015812278,-2.8908315e-05,0.24,0.03,0.7523677,1.6604228,0.0022052987,0
1.685754,0.0016499682,0.011322975,1.1940087e-05,0.35,0.02,1.0480714,1.2046562,0.0017304065,0
1.6869304,0.0030307705,0.016195893,1.8051158e-05,0.25,0.03,0.7382739,1.4666787,0.0022378517,0
1.6869992,0.002938379,0.015747428,-2.1510685e-05,0.23,0.02,0.64958197,1.6250576,0.0019119685,0
1.6865358,0.0033849096,0.022605062,1.8180082e-05,0.26,0.02,0.897189,1.2113571,0.0030369018,0
1.6857579,0.00379002,0.026574612,-1.8027937e-05,0.24,0.02,0.85073227,1.3292192,0.0032244506,0
1.6846405,0.0021506837,0.0154562,1.7281205e-06,0.25,0.04,0.90718704,1.34005,0.0019514457,0
1.6843703,0.001713545,0.011956215,-9.066418e-06,0.33,0.03,0.94590855,1.3220447,0.0016209477,0
1.6846577,0.0024202594,0.020546794,2.3101888e-06,0.37,0.01,0.8859618,1.4062428,0.0021444962,0
1.6851051,0.0032917992,0.01959467,1.513239e-07,0.31,0.04,0.93039244,1.3558464,0.0030629518,0
1.6850876,0.002960788,0.018845439,4.84373e-06,0.31,0.04,0.98760355,1.27964,0.0029241112,0
1.6853048,0.002452576,0.016572952,1.6157404e-05,0.19,0.03,0.73977864,1.6719804,0.0018146719,0
1.6868991,0.004096241,0.023921251,5.091014e-05,0.26,0.04,0.7079076,1.7095845,0.0028997555,0
1.6870193,0.0042005116,0.021000385,-3.4626733e-05,0.26,0.05,0.83784324,1.4653993,0.0035193663,0
1.6861273,0.0032387397,0.019778132,2.1052074e-06,0.33,0.03,1.0071198,1.2296528,0.0032618071,0
1.6860054,0.0031316406,0.01781118,-2.899246e-05,0.28,0.04,1.0062684,1.2157027,0.0031513006,0
1.6857387,0.0022468942,0.015905261,2.709071e-06,0.33,0.04,1.015965,1.2248895,0.0022829024,0
1.6859426,0.0012677849,0.007475376,1.7444178e-06,0.33,0.06,1.0461919,1.2127644,0.0013267957,0
1.6865622,0.0021369974,0.016488671,2.675244e-05,0.32,0.01,0.82904387,1.4234778,0.0017755653,0
1.6872644,0.0023566114,0.01734209,6.44394e-06,0.32,0.03,0.95963526,1.3129938,0.0022615488,0
1.684801,0.012293337,0.061352253,-8.382948e-05,0.23,0.06,1.0905429,1.0735524,0.013410768,0
1.6847187,0.020064818,0.07854009,7.6495264e-05,0.37,0.04,1.14058,1.0332798,0.02288751,0
1.6861836,0.021632865,0.0763886,-3.1953514e-05,0.39,0.04,1.1646154,1.0117933,0.025195356,0
1.6855342,0.02094996,0.072677135,-1.3674099e-05,0.39,0.02,1.1678025,1.0087667,0.024467578,0
1.6864305,0.020108229,0.06918824,1.151318e-05,0.41,0.02,1.1807814,1.0121248,0.023743762,0
1.6880494,0.018439671,0.07904184,7.728237e-05,0.38,0.03,1.1369896,1.088557,0.020965742,0
1.6851144,0.018485708,0.083301425,-8.869413e-05,0.36,0.04,1.1059119,1.1685262,0.020443974,0
1.6846132,0.014402465,0.07342887,0.00010251293,0.36,0.04,1.1345836,1.1699672,0.016340803,0
1.6876422,0.006062963,0.047882557,-1.7132561e-05,0.25,0.06,1.1120394,1.2002673,0.0067424024,0
1.6856412,0.013731854,0.07285917,-4.5295325e-05,0.39,0.07,1.1883036,1.0425841,0.016320664,0
1.6863136,0.020859847,0.13657868,5.5768112e-05,0.34,0.02,1.1672677,1.0565871,0.024349025,0
1.6875819,0.01610064,0.13657868,-4.4576496e-05,0.17,0.03,1.1325142,1.0758107,0.018234309,0
1.687039,0.0036185046,0.022370815,1.6347904e-05,0.31,0.03,0.90421194,1.348612,0.0032725036,0
1.6872797,0.0033332256,0.01947987,-5.021995e-06,0.27,0.04,0.9202513,1.3589671,0.0030677887,0
1.6870617,0.003135445,0.019913316,-1.1709535e-05,0.34,0.02,0.84760684,1.4707829,0.0026616948,0
1.6877055,0.0024127786,0.017849445,2.4330207e-05,0.27,0.03,0.9262262,1.3287747,0.0022349632,0
1.6888553,0.0025382638,0.015186787,1.4607777e-05,0.31,0.03,0.996408,1.2419417,0.0025295396,0
1.6889974,0.0031229807,0.01704228,-2.9929765e-06,0.36,0.06,0.9776085,1.2772914,0.0030530666,0
1.6888013,0.002806261,0.01613319,4.1425333e-06,0.34,0.05,0.986238,1.3265779,0.0027677033,0
1.6891826,0.002767798,0.013826966,4.094612e-06,0.34,0.06,1.0027205,1.2963564,0.0027754863,0
1.6892462,0.00304697,0.01701653,-1.5279176e-05,0.36,0.06,1.0073476,1.286822,0.00306941,0
1.6888417,0.0024939198,0.01701653,-1.41226365e-05,0.34,0.02,0.9748326,1.3295403,0.002431535,0
1.6886176,0.0019325863,0.011493087,-3.4291302e-06,0.38,0.05,1.0456728,1.2082725,0.0020209216,0
1.6885426,0.0026627437,0.018141031,-3.498444e-06,0.35,0.04,1.0398382,1.1937473,0.002768899,0
1.6886916,0.0029673628,0.018670559,1.9296976e-06,0.38,0.03,1.0303689,1.2087173,0.003057495,0
1.6888064,0.002781328,0.017412663,-7.2747703e-06,0.34,0.03,0.991138,1.251787,0.0027566955,0
1.6888047,0.0020585712,0.016085625,-3.5823011e-06,0.36,0.02,0.950615,1.300018,0.0019569066,0
1.6891527,0.00284555,0.018638492,1.8231289e-06,0.29,0.03,0.93719137,1.3623747,0.0026668827,0
1.6886653,0.003078222,0.018638492,-2.5444187e-05,0.26,0.02,0.8406398,1.5196316,0.0025876712,0
1.6873794,0.002615049,0.017072916,-7.83148e-06,0.32,0.03,1.039399,1.2034225,0.002718253,0
1.6866039,0.002927781,0.018610239,3.1586462e-06,0.38,0.03,0.9916558,1.2653991,0.0029033616,0
1.6863694,0.0020254566,0.01668489,7.047236e-06,0.34,0.01,0.94398236,1.3316096,0.0019119976,0
1.6865449,0.0019875043,0.014735222,1.4344708e-06,0.32,0.01,0.9417748,1.3259997,0.0018718948,0
1.686519,0.00211629,0.014615774,-9.576882e-06,0.29,0.02,0.9392561,1.310661,0.0019880743,0
1.6862481,0.001865558,0.010606885,-4.7985636e-06,0.34,0.03,0.9994382,1.2191778,0.00186451,0
1.6858146,0.0018699995,0.011271119,-6.31496e-06,0.35,0.03,0.98182046,1.2857903,0.001836031,0
1.6872617,0.0030542107,0.018399239,5.670056e-05,0.25,0.03,0.8467305,1.5357246,0.0025862516,0
1.68922,0.0030523692,0.018122196,6.8983613e-06,0.33,0.03,0.9942478,1.266796,0.003034873,0
1.6890973,0.002661771,0.018142104,-1.0879936e-05,0.33,0.04,0.9420812,1.2976621,0.002507697,0
1.6884238,0.0018846416,0.01277864,-1.4339456e-05,0.38,0.03,0.96901065,1.2692599,0.0018262445,0
1.6881279,0.0013392409,0.007753372,8.565658e-06,0.37,0.02,1.0399042,1.1948427,0.0013928514,0
1.6882824,0.0020827013,0.016158342,4.38905e-06,0.33,0.02,0.9124461,1.345907,0.0019004862,0
1.6889881,0.0035607512,0.02176845,2.671858e-05,0.25,0.02,0.72910374,1.4659387,0.0025961671,0
1.6894672,0.0038269348,0.02176845,2.2070878e-06,0.28,0.04,0.8124393,1.4528682,0.003109165,0
1.6893078,0.0026968603,0.017603159,-3.929577e-06,0.32,0.02,0.9968518,1.2904881,0.0026884077,0
1.6890999,0.0015852378,0.008423924,-1.1639045e-05,0.34,0.04,1.0308559,1.2459084,0.0016341564,0
1.6893939,0.0023194856,0.018089175,1.223143e-05,0.26,0.02,0.8015088,1.550327,0.0018591086,0
1.6899136,0.0034001248,0.020148039,1.1525271e-05,0.31,0.03,0.9047332,1.360664,0.0030762795,0
1.6896272,0.0032935918,0.020148039,-4.4008702e-06,0.35,0.03,0.9562148,1.2993474,0.0031494345,0
1.6890378,0.0029515116,0.019531012,-1.26950235e-05,0.34,0.02,0.85600084,1.406513,0.002526525,0
1.6881576,0.002734266,0.01934421,-2.5192901e-05,0.33,0.02,0.8580168,1.4449108,0.002346292,0
1.6879301,0.0027510752,0.017709017,6.037294e-06,0.43,0.02,1.0123101,1.2665077,0.0027849665,0
1.6873655,0.0027316052,0.019539833,-2.6517637e-05,0.36,0.02,0.9438051,1.3450764,0.0025781018,0
1.686439,0.0018534121,0.01454246,1.2534823e-06,0.37,0.01,1.0491103,1.2068586,0.0019444871,0
1.6867356,0.0031000723,0.018214941,8.820383e-06,0.35,0.03,0.97213507,1.2868311,0.0030138432,0
1.6872888,0.0036252008,0.01836431,9.629462e-06,0.31,0.03,0.9183863,1.3090779,0.0033295758,0
1.6858925,0.0035132964,0.021091938,-4.896287e-05,0.22,0.04,0.86454844,1.4396131,0.0030374108,0
1.6843296,0.0028567538,0.021329522,-3.8489306e-06,0.37,0.03,1.0296358,1.239197,0.0029414329,0
1.6845392,0.002772374,0.019660592,-5.5435603e-06,0.29,0.02,0.9880773,1.2908072,0.0027394656,0
1.6848729,0.0020359575,0.015993595,4.094789e-06,0.27,0.02,0.9515525,1.3420483,0.0019374179,0
1.6849042,0.0020998698,0.015954256,-2.790511e-06,0.33,0.02,0.9367553,1.3330642,0.0019673062,0
1.6844811,0.0026820535,0.019806385,-6.961359e-06,0.26,0.03,0.963067,1.3038217,0.0025830076,0
1.6838199,0.0037402683,0.024142146,-1.697628e-05,0.39,0.03,0.86926246,1.4232663,0.003251653,0
1.6840029,0.003800143,0.023226142,7.340458e-06,0.25,0.04,0.77312386,1.6202443,0.0029380082,0
1.6843991,0.002996635,0.015602708,-2.0676744e-05,0.19,0.06,0.7248057,1.6811209,0.0021723702,0
1.6841141,0.002962057,0.019880176,-6.598107e-06,0.3,0.03,0.8788389,1.384795,0.002603169,0
1.6839942,0.0021034584,0.017314672,-3.5755068e-06,0.35,0.02,0.97734636,1.2764273,0.0020559663,0
1.6846063,0.0022676827,0.01578927,2.1819467e-05,0.32,0.02,0.9089448,1.3311207,0.0020621223,0
1.6859839,0.0031402125,0.016941547,1.5101888e-05,0.31,0.03,0.9458738,1.3319257,0.0029708704,0
1.686532,0.0025244942,0.016610265,-9.024282e-06,0.32,0.01,0.9779272,1.329845,0.0024687997,0
1.6865941,0.0020516193,0.012973547,7.660111e-06,0.36,0.03,0.9616383,1.3786428,0.0019730984,0
1.6861452,0.0021554201,0.012973547,-2.615703e-05,0.3,0.04,0.9215652,1.4589425,0.0019863925,0
1.6854771,0.0017228957,0.011915803,-1.400927e-06,0.42,0.04,1.0206604,1.1516114,0.0017585023,0
1.6853899,0.0017753813,0.011915803,-2.5113231e-06,0.36,0.04,0.9441817,1.2516663,0.0016763271,0
1.6854445,0.0024026143,0.018303156,-2.5978914e-06,0.32,0.03,0.9301714,1.3394133,0.0022348405,0
1.6857846,0.002404208,0.018210769,5.5037704e-06,0.34,0.03,0.9621031,1.2881075,0.0023131731,0
1.6861311,0.0015245286,0.01128757,1.4492522e-05,0.37,0.03,0.95297676,1.3481733,0.0014530628,0
1.6864533,0.0016888326,0.011029005,1.3786983e-05,0.3,0.02,0.89333767,1.4149582,0.0015087484,0
1.6871256,0.002235663,0.019236922,1.7977107e-05,0.35,0.01,0.95334893,1.3053097,0.0021313806,0
1.6881229,0.0031870077,0.016692042,5.168324e-06,0.3,0.05,1.0032995,1.2970439,0.0031976302,0
1.6879258,0.0029509088,0.01660204,-3.047049e-05,0.32,0.05,0.9833815,1.3304998,0.0029018691,0
1.6881087,0.0027158908,0.01774311,3.4520846e-05,0.35,0.04,0.93586355,1.4235797,0.0025417819,0
1.6884656,0.003582052,0.026279092,-1.4873659e-05,0.34,0.05,0.94777566,1.3747623,0.0033949802,0
1.6877964,0.0029359204,0.026279092,-1.2792463e-05,0.34,0.03,0.96060276,1.3139155,0.0028203486,0
1.6877185,0.002162875,0.014029264,1.1690142e-06,0.36,0.04,0.97732323,1.2606889,0.0021138287,0
1.6876101,0.0025485845,0.016561985,-7.5725115e-06,0.34,0.03,0.9092112,1.3280262,0.0023172651,0
1.6871506,0.002012759,0.016561985,-1.4056427e-05,0.32,0.01,0.8809346,1.3845958,0.001773126,0
1.6875834,0.0030800996,0.020834446,1.1285689e-05,0.3,0.02,0.8729676,1.3671486,0.002688839,0
1.6883864,0.0037621951,0.020834446,-1.9088502e-06,0.29,0.04,0.9805078,1.2575171,0.0036896584,0
1.6887976,0.0037915458,0.019847035,1.2367473e-05,0.27,0.04,0.92923015,1.316124,0.0035232853,0
1.6888211,0.0034557865,0.019221067,-5.698038e-06,0.4,0.02,0.8368313,1.3042796,0.0028938868,0
1.6884352,0.0029155065,0.017594099,-2.6746695e-06,0.36,0.04,0.9889565,1.272174,0.0028833274,0
1.6882569,0.003115245,0.020495772,-1.568275e-05,0.36,0.05,1.0279826,1.2718967,0.003202878,0
1.688844,0.0029820167,0.018780231,9.694614e-06,0.37,0.05,0.9937977,1.3289711,0.0029636528,0
1.6895794,0.0026883038,0.014792442,3.0796564e-06,0.29,0.06,0.9478252,1.3169253,0.0025480448,0
1.6893325,0.0028676195,0.01554203,-6.386394e-06,0.26,0.05,0.921393,1.343879,0.0026422115,0
1.6891063,0.0030530673,0.018649697,-2.2897425e-06,0.33,0.04,0.92948854,1.3170109,0.0028378582,0
1.6886015,0.002419354,0.018695354,-2.4747373e-05,0.33,0.02,0.91059417,1.3218032,0.002203844,0
1.6885781,0.003370255,0.022657752,1.8356042e-05,0.39,0.03,0.98680234,1.2607852,0.0033258318,0
1.6881394,0.004016882,0.02375555,-3.220467e-05,0.34,0.04,0.95184886,1.3158002,0.0038234633,0
1.6871667,0.003356232,0.019914865,-5.8307432e-06,0.31,0.03,0.9987029,1.2773142,0.0033520155,0
1.68694,0.002789384,0.019513965,-8.745061e-06,0.34,0.03,1.0284663,1.2421173,0.0028688011,0
1.6873865,0.0025192627,0.012812376,2.1578302e-05,0.26,0.04,0.85796773,1.4765985,0.0021614449,0
1.6878144,0.003074701,0.015095353,-6.852092e-06,0.22,0.04,0.8167402,1.4846185,0.0025112284,0
1.6874768,0.0033965528,0.018288612,1.7394899e-07,0.24,0.05,0.9504826,1.3431656,0.0032284271,0
1.6869645,0.0029785144,0.018288612,-9.424957e-06,0.3,0.04,1.0520855,1.2427992,0.0031336548,0
1.6871576,0.0024507693,0.013314009,2.413207e-05,0.36,0.04,1.0848553,1.1940644,0.0026593325,0
1.6876421,0.0032785863,0.019429326,-1.0754868e-05,0.32,0.05,1.0178959,1.2755668,0.0033376445,0
1.687384,0.0030308568,0.019429326,-8.1850785e-06,0.29,0.03,0.92215157,1.3225038,0.0027985966,0
1.6873568,0.001646934,0.01067698,6.947734e-06,0.28,0.03,1.006246,1.2569146,0.0016573175,0
1.6881974,0.002061265,0.015861154,2.7865892e-05,0.32,0.02,1.0035912,1.2904197,0.002068708,0
1.6893103,0.0030259616,0.017933846,2.6691474e-05,0.35,0.02,0.94706243,1.3563505,0.0028669962,0
1.6896737,0.003080646,0.017933846,6.37839e-06,0.26,0.03,0.8435428,1.4462773,0.002598727,0
1.6895628,0.0028402654,0.017719865,-2.1816752e-06,0.27,0.03,0.81765664,1.4833704,0.0023226624,0
1.6896417,0.0030457766,0.018295765,1.724329e-05,0.3,0.03,0.94911015,1.3102496,0.002890945,0
1.6898443,0.002638827,0.016140342,4.8488873e-06,0.34,0.03,0.9816108,1.2831209,0.0025903445,0
1.6899,0.0026014748,0.018178582,-2.0635352e-06,0.37,0.02,0.9971394,1.3019778,0.0025942833,0
1.6902804,0.0026601604,0.018178582,5.0250806e-06,0.4,0.03,1.0753247,1.2216429,0.002860611,0
1.6898547,0.0020342548,0.0151206255,-2.0489168e-05,0.37,0.03,1.0466243,1.2743587,0.002129419,0
1.6888477,0.0016484683,0.010129571,-1.1442554e-05,0.37,0.03,1.0337063,1.2466115,0.0017047432,0
1.68816,0.0016983349,0.010217667,-1.7165528e-05,0.4,0.03,0.9555219,1.3108348,0.0016227936,0
1.6877811,0.0017992427,0.012929201,-2.8464374e-06,0.36,0.02,0.9651104,1.2748272,0.0017364691,0
1.68808,0.0019023988,0.012929201,-6.681829e-07,0.36,0.03,0.98064715,1.2644602,0.0018656133,0
1.6883665,0.0026674154,0.023977518,-4.826841e-06,0.35,0.03,1.008879,1.1822643,0.0026912666,0
1.688876,0.0036910058,0.023977518,4.068342e-06,0.32,0.04,1.0248307,1.2558159,0.0037827315,0
1.6887108,0.0030822237,0.019342422,-3.1117343e-05,0.36,0.03,1.0117774,1.3160256,0.003118525,0
1.6889583,0.0029942808,0.020077825,2.955317e-05,0.36,0.03,1.0017344,1.2740549,0.003000001,0
1.6895893,0.0028620427,0.020077825,-3.1836255e-06,0.4,0.04,1.0992378,1.1908767,0.003146099,0
1.6894691,0.00259024,0.023028731,4.9904236e-07,0.41,0.02,1.0459784,1.2050647,0.0027097939,0
1.6892769,0.0025622288,0.023028731,-1.4910962e-05,0.4,0.01,0.9825878,1.2691153,0.0025179293,0
1.6890209,0.0014083318,0.007130623,-7.232793e-06,0.34,0.02,0.8152208,1.4054444,0.0011480916,0
1.6894182,0.0035287195,0.022159219,-2.5050724e-06,0.28,0.03,1.0418414,1.260114,0.0036764324,0
1.6899703,0.0042627556,0.022159219,1.4016308e-06,0.28,0.05,1.0044725,1.2717108,0.0042818333,0
1.6903679,0.004153303,0.023032546,1.6298532e-06,0.31,0.04,0.971064,1.3068602,0.004034497,0
1.6900746,0.004071044,0.023032546,-3.5075358e-05,0.32,0.04,0.94039416,1.3755745,0.0038284934,0
1.6889672,0.0030829404,0.018250346,-4.0333984e-05,0.35,0.02,0.8059379,1.4145046,0.0024895146,0
1.687771,0.0025564397,0.016838312,-2.2845228e-05,0.33,0.03,0.92293787,1.2998266,0.0023596117,0
1.6871231,0.0023791285,0.013022065,-3.883175e-06,0.38,0.03,0.9853762,1.2430351,0.0023444484,0
1.6872706,0.0025016135,0.01699233,3.6570354e-06,0.33,0.02,1.0012794,1.2814689,0.0025048857,0
1.6874695,0.0024084416,0.016127229,-9.560893e-07,0.31,0.02,0.9546908,1.3153187,0.0022994983,0
1.6873707,0.002504659,0.018053412,-2.1981792e-07,0.28,0.03,1.0247849,1.2551172,0.0025667385,0
1.6880727,0.0035222576,0.019467354,2.6772179e-05,0.36,0.04,1.0258923,1.239883,0.0036136264,0
1.688469,0.0031079564,0.019467354,-6.7758347e-06,0.3,0.04,0.99793863,1.246604,0.0031015645,0
1.6883707,0.0019279983,0.011623383,1.3903185e-05,0.31,0.02,0.9145823,1.3030721,0.0017654399,0
1.6887654,0.0021712552,0.01597333,8.750832e-06,0.35,0.03,0.97638196,1.3144815,0.002120351,0
1.6885574,0.0021074344,0.01623571,-1.0518662e-05,0.39,0.02,1.0048734,1.2199962,0.0021218895,0
1.6891255,0.0026675547,0.017736077,3.418404e-05,0.27,0.02,0.9129068,1.3606216,0.002439624,0
1.6899512,0.0028235794,0.017482758,1.8397974e-06,0.28,0.04,1.0400895,1.2104565,0.0029367795,0
1.6893742,0.002462065,0.014727235,-1.7387069e-05,0.39,0.03,1.063,1.2175226,0.002617947,0
1.6897045,0.00263245,0.017248154,2.3700853e-05,0.29,0.03,0.98594725,1.309806,0.0025956272,0
1.6905638,0.0021792448,0.01610446,2.766235e-07,0.4,0.03,1.0282677,1.2189386,0.0022409854,0
1.6908716,0.0020074483,0.015267968,5.301103e-06,0.36,0.04,0.98829144,1.3122001,0.001983996,0
1.6915888,0.0031297526,0.01865077,1.6898972e-05,0.3,0.04,1.0020628,1.2580796,0.00313633,0
1.6919513,0.0035288192,0.018891335,-2.9904077e-06,0.3,0.04,1.0464281,1.217214,0.003692657,0
1.69153,0.0028471656,0.019064784,-1.2590729e-05,0.4,0.03,1.0643036,1.2055593,0.0030302743,0
1.6914952,0.0023878387,0.017793655,1.9889081e-05,0.35,0.03,0.9282771,1.3612034,0.00221826,0
1.6918533,0.0026224265,0.016003966,1.5502744e-06,0.37,0.02,0.9155245,1.3661169,0.002401161,0
1.6917255,0.002622479,0.020403266,-1.2868169e-05,0.41,0.03,0.88458514,1.3644766,0.0023201657,0
1.6913775,0.0023577062,0.016248345,-5.7173947e-06,0.41,0.03,0.9370195,1.2874116,0.0022092648,0
1.6918433,0.0031938255,0.019515276,5.5539317e-06,0.28,0.04,0.9231225,1.3891367,0.0029483966,0
1.6914564,0.0032223873,0.019870162,-4.083786e-05,0.27,0.03,0.8731891,1.4627913,0.0028139963,0
1.6906852,0.0020314394,0.013500333,8.746152e-06,0.34,0.03,1.0370283,1.2037584,0.0021067548,0
1.6912519,0.0035390938,0.022037506,4.6021596e-06,0.36,0.05,1.070195,1.1846715,0.0037875224,0
1.6911855,0.004306877,0.022037506,-1.3919859e-05,0.26,0.07,1.0110784,1.2635059,0.0043545915,0
1.6903158,0.003444439,0.0178833,-9.33205e-06,0.24,0.05,0.9609317,1.3646424,0.003309884,0
1.6890925,0.002200422,0.014208555,-2.2252883e-05,0.34,0.03,0.94860435,1.3875743,0.0020874667,0
1.6891224,0.002472167,0.020191073,2.6575412e-05,0.3,0.01,0.86795586,1.398444,0.0021457449,0
1.6903107,0.0024034944,0.019126177,2.0938993e-05,0.23,0.02,0.8984295,1.3385661,0.0021599191,0
1.690971,0.0020363946,0.012898564,1.1117425e-05,0.3,0.05,0.9834923,1.2048365,0.002002778,0
1.6917076,0.0027475585,0.018264174,1.8077031e-05,0.31,0.05,0.9975345,1.2270814,0.002741217,0
1.6931164,0.0030241522,0.018945932,3.798339e-05,0.27,0.03,0.90967506,1.348971,0.002751476,0
1.6940103,0.0026554568,0.018572807,6.9530884e-06,0.27,0.04,0.85706455,1.3495181,0.0022759999,0
1.6944673,0.002966896,0.019736528,3.8721746e-06,0.27,0.04,0.8699373,1.3954446,0.0025810294,0
1.6945082,0.002967369,0.019861817,-2.7699802e-05,0.31,0.03,0.91359437,1.3732096,0.0027110106,0
1.6938924,0.00215946,0.015727282,-1.388017e-05,0.3,0.03,0.9708854,1.2298745,0.0020970497,0
1.6934329,0.002774268,0.017457008,-1.0034868e-05,0.32,0.04,1.0079541,1.2356194,0.0027963417,0
1.6929414,0.0029753153,0.017457008,-6.670094e-06,0.29,0.04,0.9841503,1.2438877,0.0029298405,0
1.6926535,0.0030040469,0.017622232,1.3173459e-05,0.3,0.04,0.97057027,1.3233281,0.0029156378,0
1.6922945,0.0027829995,0.017622232,6.8624886e-06,0.35,0.03,0.9837868,1.3210332,0.0027379089,0
1.6925777,0.002485784,0.01895082,2.0324365e-05,0.39,0.02,0.9287731,1.3140122,0.0023087286,0
1.6931971,0.0023179317,0.018815756,6.48072e-06,0.31,0.01,0.9398632,1.3129565,0.0021787626,0
1.6933489,0.0018588494,0.015387297,6.1754304e-06,0.31,0.01,1.0177041,1.2712481,0.0018918668,0
1.692252,0.0031258194,0.020265102,-3.904543e-05,0.23,0.02,0.922663,1.3577693,0.0028843756,0
1.6907691,0.003397507,0.020265102,-1.06245725e-05,0.38,0.03,1.007455,1.2642485,0.0034228363,0
1.6903677,0.0030048946,0.018875837,-7.3580036e-06,0.38,0.03,1.048039,1.246657,0.0031493441,0
1.6898868,0.0020742621,0.01700306,-1.6127911e-05,0.32,0.02,1.0607919,1.2271162,0.0022004358,0
1.6895609,0.0013646459,0.007920623,-5.476853e-06,0.34,0.04,0.9629973,1.2161297,0.0013143629,0
1.6899962,0.0021962747,0.014022231,6.8961417e-06,0.36,0.02,0.9918369,1.2781115,0.002178346,0
1.6904883,0.0025704347,0.014621496,3.4476193e-06,0.34,0.04,1.0003288,1.2798448,0.002571395,0
1.6911098,0.0029102266,0.017778873,1.8630079e-05,0.29,0.03,0.922023,1.3609815,0.0026833862,0
1.6915017,0.0027148882,0.01807034,1.5091817e-06,0.3,0.02,0.9218922,1.3637159,0.0025030542,0
1.6920015,0.003152935,0.019705415,3.5631685e-05,0.34,0.01,0.91706437,1.4566321,0.002894412,0
1.6920303,0.0032623867,0.020446181,-3.1743814e-06,0.36,0.02,0.97269034,1.4293305,0.003173294,0
1.6914676,0.002021351,0.014320016,-2.9556213e-06,0.35,0.03,0.9985945,1.2618625,0.0020199367,0
1.6918308,0.0021774808,0.017278194,9.961225e-06,0.27,0.02,0.86763847,1.4183056,0.0018894732,0
1.6931463,0.0030418257,0.021205664,3.47335e-05,0.31,0.05,0.8986791,1.3961413,0.002733706,0
1.6940438,0.0025502113,0.01657474,1.3779743e-06,0.34,0.05,0.99579096,1.253834,0.0025394773,0
1.6939957,0.0022597911,0.016323686,-3.5834855e-06,0.29,0.03,0.93425936,1.3463758,0.002111258,0
1.6945108,0.0034007197,0.020533204,7.074034e-06,0.29,0.04,1.019417,1.3246248,0.003466776,0
1.6946145,0.0030774155,0.019443154,-3.4485163e-06,0.32,0.03,1.0504781,1.2977712,0.0032327822,0
1.6947817,0.0016671299,0.0071766376,2.2653518e-05,0.2,0.01,0.8398157,1.4379294,0.0014000875,0
1.6958148,0.0015551037,0.0072255135,1.8704799e-05,0.22,0.03,0.69981,1.567833,0.0010885729,0
1.6968535,0.0027653286,0.017560482,1.7481589e-05,0.33,0.02,0.94727075,1.4121407,0.0026199853,0
1.6971375,0.002925121,0.01706481,-1.00060115e-05,0.32,0.04,0.9843589,1.359532,0.0028793688,0
1.696726,0.0024954795,0.01783061,-5.735245e-06,0.32,0.02,0.9279917,1.3161551,0.0023170477,0
1.6967734,0.0037277709,0.024750233,-4.8729125e-06,0.34,0.03,0.9544743,1.2846223,0.0035580785,0
1.6968181,0.0036419453,0.024750233,-2.0177054e-05,0.3,0.04,0.9676481,1.2966697,0.0035241293,0
1.6966088,0.0029122054,0.020183682,-5.2635246e-06,0.34,0.03,0.9227636,1.3464538,0.0026874056,0
1.6959022,0.0026360634,0.020183682,-2.2804696e-05,0.3,0.04,0.8909537,1.3996423,0.0023486482,0
1.6958494,0.002825821,0.018998265,7.1070244e-06,0.3,0.03,0.904688,1.351982,0.002556622,0
1.6957321,0.0029490276,0.019655228,-3.022231e-05,0.31,0.02,0.87544584,1.424691,0.0025829233,0
1.695354,0.0022320794,0.01308012,1.1997509e-05,0.32,0.03,0.8488235,1.3933024,0.001894649,0
1.6950988,0.0021590805,0.01380384,-1.9222967e-05,0.32,0.02,0.7431101,1.5863692,0.0016048027,0
1.6949756,0.002419394,0.020806909,1.2756935e-05,0.34,0.01,0.9295607,1.3566219,0.0022489808,0
1.6958166,0.0034342166,0.019109368,1.5712434e-05,0.29,0.03,0.8514921,1.364192,0.0029242118,0
1.6952465,0.0031945691,0.02208376,-2.1780925e-05,0.31,0.03,0.8262391,1.407835,0.0026407063,0
1.694657,0.0029199661,0.019057274,1.5456933e-05,0.35,0.04,1.0256718,1.2532942,0.0029949346,0
1.6951519,0.0033525692,0.018309236,1.1746295e-05,0.32,0.05,1.0012143,1.2622906,0.0033569438,0
1.6956694,0.002993586,0.01700747,2.3151844e-05,0.29,0.05,0.9525886,1.3305426,0.0028518639,0
1.6948967,0.0026976715,0.015250564,-3.1493957e-05,0.25,0.04,0.81753993,1.5063748,0.0022057577,0
1.6930442,0.0019080575,0.012948155,-2.6724287e-05,0.31,0.01,0.88397175,1.4534785,0.0016870323,0
1.6929965,0.0016123191,0.009964943,1.6129974e-05,0.31,0.01,0.9550972,1.3428783,0.0015402855,0
1.6933594,0.0022013553,0.016732931,-1.1877848e-05,0.34,0.02,0.931211,1.3387334,0.0020499702,0
1.692888,0.003158639,0.0183326,2.4475753e-06,0.27,0.03,0.8926361,1.3610778,0.0028197304,0
1.6927563,0.002789021,0.017959356,7.0344076e-06,0.28,0.02,0.91001856,1.3176926,0.0025380712,0
1.6947327,0.0036170536,0.019412994,6.3110114e-05,0.21,0.03,0.84973043,1.5524791,0.0030745673,0
1.6953866,0.003283424,0.019079328,-2.968401e-05,0.24,0.04,0.9465233,1.3962935,0.0031078397,0
1.6941519,0.0013928964,0.0085475445,5.599174e-06,0.32,0.03,0.9806832,1.3133143,0.0013660451,0
1.6945136,0.0011164064,0.0068905354,1.1076121e-05,0.35,0.03,0.8749983,1.4327261,0.0009768603,0
1.6950693,0.0015899645,0.012945414,8.472281e-06,0.33,0.03,1.0279417,1.2426108,0.0016354069,0
1.6951448,0.0019341483,0.012945414,-3.2211194e-06,0.42,0.05,1.089027,1.2027829,0.002106345,0
1.6949826,0.002392114,0.017886996,-2.683777e-06,0.39,0.03,0.9571234,1.2853111,0.00228999,0
1.69472,0.0023208838,0.018907547,-1.5066319e-05,0.36,0.03,0.9325904,1.2785206,0.0021644311,0
1.6946805,0.0025851391,0.019170165,2.5216632e-06,0.36,0.03,1.0421143,1.2358705,0.0026948529,0
1.6948586,0.003583437,0.022126675,-1.6031757e-06,0.35,0.06,1.0462927,1.2505075,0.0037497296,0
1.6955141,0.0037528607,0.022126675,2.6639123e-05,0.28,0.05,0.9696275,1.33923,0.00363946,0
1.6957392,0.0030453869,0.017039776,-9.069465e-06,0.31,0.05,1.0206168,1.2460387,0.003110182,0
1.6952547,0.002247677,0.015462995,-9.071122e-07,0.35,0.03,1.0930333,1.2046512,0.00245681,0
1.6953905,0.0015695071,0.013335347,3.0050119e-06,0.28,0.01,0.98778886,1.1703459,0.0015503445,0
1.6956825,0.0010883947,0.0053116083,7.4454288e-06,0.35,0.03,1.0685371,1.2074361,0.0011633728,0
1.696562,0.0026911537,0.01716733,2.7344322e-05,0.36,0.03,0.9898192,1.2867324,0.0026637868,0
1.6978674,0.0034465087,0.01716733,2.7734954e-05,0.29,0.03,0.9466977,1.2930375,0.0032655923,0
1.6982422,0.0026015618,0.016317368,7.2011994e-07,0.32,0.05,0.92337185,1.311165,0.0024022062,0
1.698198,0.0016523479,0.010932088,5.3712995e-07,0.35,0.02,0.94410336,1.2544864,0.0015613221,0
1.6988112,0.002529753,0.014993072,4.0584055e-06,0.27,0.04,0.9161065,1.3196577,0.0023175604,0
1.6986208,0.0024478436,0.014887452,-1.9136176e-05,0.28,0.03,0.8976461,1.3564168,0.002197297,0
1.698325,0.0015802772,0.009742379,1.4828245e-05,0.31,0.03,1.0489562,1.1895131,0.0016584692,0
1.6988891,0.001989156,0.011832356,1.7221339e-06,0.37,0.04,0.9946786,1.2529621,0.0019792106,0
1.6991512,0.0025483794,0.01829648,-2.825223e-06,0.33,0.03,0.9423862,1.3274953,0.002403395,0
1.6982976,0.0024882855,0.021081686,-2.6831734e-05,0.34,0.02,0.88485223,1.4273024,0.0022017842,0
1.6979452,0.0024423436,0.019760966,1.8573262e-05,0.31,0.02,0.8983881,1.3843635,0.0021943476,0
1.6981874,0.0023304361,0.019811511,-4.127553e-06,0.31,0.02,0.93560135,1.3213675,0.002180504,0
1.6985477,0.0026982212,0.019447446,2.068844e-05,0.29,0.03,0.9339674,1.3125364,0.0025201696,0
1.6990724,0.0033099058,0.016642451,-5.465545e-06,0.27,0.03,0.95981085,1.2448524,0.0031781865,0
1.6990378,0.0034282368,0.018190503,4.393162e-06,0.27,0.04,0.9970341,1.3060175,0.0034183327,0
1.6986905,0.0034064234,0.02062428,-9.01856e-06,0.27,0.04,1.0610454,1.2327102,0.0036144897,0
1.6974313,0.0026631742,0.020377994,-2.2371925e-05,0.3,0.03,0.9547325,1.3754565,0.0025428503,0
1.6959456,0.001770082,0.011802554,-2.7927243e-05,0.26,0.02,0.8624057,1.4937748,0.0015268553,0
1.6949306,0.0018156517,0.013864875,-1.3533235e-05,0.28,0.01,0.94646144,1.3302248,0.0017184435,0
1.6947904,0.0022991872,0.013864875,6.974089e-06,0.36,0.04,1.0178059,1.2242317,0.0023401696,0
1.6954856,0.0030871162,0.01667118,4.2881898e-06,0.25,0.05,0.96516323,1.2687964,0.0029796925,0
1.6955194,0.003266862,0.01870966,-3.0141011e-05,0.25,0.03,0.96789724,1.2666279,0.0031624418,0
1.6950505,0.0029151046,0.01870966,-3.3165204e-06,0.32,0.03,0.95399064,1.3012055,0.0027810025,0
1.6948547,0.0024322781,0.016108155,-5.831865e-06,0.39,0.02,0.8966313,1.3248096,0.0021833375,0
1.694499,0.0014970764,0.011184573,-2.7489025e-06,0.35,0.03,0.9954854,1.2702278,0.001490404,0
1.6943717,0.0019358365,0.013772607,1.7475503e-06,0.41,0.03,1.0582042,1.2272712,0.0020486354,0
1.6947665,0.0025580067,0.015774846,5.588241e-06,0.36,0.04,1.0186838,1.2739694,0.0026059086,0
1.6952581,0.0036252532,0.022388816,4.102409e-06,0.27,0.03,0.93873733,1.328176,0.0034036017,0
1.6955246,0.0035901568,0.022388816,8.303141e-06,0.27,0.04,0.9379296,1.2860252,0.0033674187,0
1.6953148,0.0025636537,0.0145949125,-1.6073453e-05,0.35,0.05,0.9443772,1.3030657,0.0024217188,0
1.695367,0.0032144943,0.018184662,3.4738582e-06,0.37,0.04,0.94196665,1.3237435,0.003028027,0
1.6954069,0.0027333947,0.017659664,-1.0919458e-05,0.33,0.02,0.9080205,1.3379347,0.0024838476,0
1.6960344,0.0026686008,0.018694878,3.7143065e-05,0.21,0.02,0.88367003,1.4169647,0.0023585986,0
1.6969165,0.0025949366,0.019005895,4.3664622e-06,0.27,0.02,0.9546606,1.305546,0.0024777767,0
1.6968536,0.002908777,0.020313025,-1.0877474e-06,0.31,0.01,0.8469313,1.329918,0.0024673545,0
1.696906,0.0032858108,0.020313025,-1.2126011e-05,0.3,0.02,0.75520515,1.5254569,0.0024815302,0
1.6965287,0.002376786,0.016358733,-2.383593e-05,0.33,0.01,0.76900804,1.5992117,0.0018323556,0
1.6967295,0.0027384937,0.016312122,1.7917728e-05,0.33,0.03,0.90624875,1.2664285,0.0024819435,0
1.6965876,0.0037706732,0.023118973,-2.5121395e-05,0.33,0.04,0.9276309,1.2712389,0.0034977978,0
1.6953584,0.0032181912,0.023118973,-1.3961746e-05,0.34,0.03,0.9831035,1.2576948,0.003163815,0
1.6955985,0.0026337574,0.0196594,3.2213822e-05,0.33,0.01,0.8642819,1.5141199,0.002277526,0
1.6961316,0.004116039,0.022471309,5.1269744e-06,0.27,0.03,0.7611623,1.5902692,0.0031339854,0
1.6967872,0.004089473,0.024042845,2.8957653e-05,0.29,0.03,0.7866508,1.524361,0.003217104,0
1.6974878,0.002555064,0.018058538,-7.139409e-06,0.37,0.03,1.0084084,1.2402949,0.0025766029,0
1.6975708,0.0026557457,0.01543808,6.4247047e-06,0.33,0.03,0.94324416,1.300568,0.0025061036,0
1.6978955,0.00327242,0.01807797,-1.2486903e-06,0.29,0.05,0.99913013,1.255011,0.0032697725,0
1.6997708,0.0046910048,0.023341298,4.231889e-05,0.26,0.06,1.0155011,1.2867695,0.0047645476,0
1.701418,0.0039058933,0.022371888,-1.985335e-05,0.29,0.06,1.11626,1.1938522,0.0043610306,0
1.7006241,0.0028066076,0.016348839,-2.2052485e-05,0.32,0.04,0.8708513,1.3460064,0.0024441355,0
1.699758,0.0026868852,0.015362263,-1.05192985e-05,0.36,0.02,0.89252156,1.3004892,0.0023981016,0
1.6996461,0.003165914,0.021119833,-3.6181648e-06,0.36,0.02,1.0169718,1.1786628,0.0032204387,0
1.6981223,0.0034945935,0.021119833,-5.8330697e-05,0.19,0.03,0.87430596,1.4129398,0.003055484,0
1.6961559,0.0025026586,0.018001437,-1.5879119e-05,0.35,0.02,0.9274226,1.303269,0.0023222317,0
1.6952684,0.0025484315,0.019388676,-1.1708468e-05,0.32,0.03,1.0107886,1.2131805,0.0025759276,0
1.694421,0.0023497508,0.013230205,-1.114287e-05,0.32,0.04,1.0084031,1.2689916,0.0023695438,0
1.6934886,0.0026674806,0.015214801,-2.0068492e-05,0.34,0.03,0.9221135,1.3702083,0.0024597193,0
1.6931401,0.0027516992,0.018382192,1.3651725e-05,0.37,0.03,1.0292498,1.2613931,0.0028322462,0
1.6934922,0.0024221905,0.018382192,1.2841212e-05,0.31,0.04,1.0404445,1.2591757,0.0025202052,0
1.6943192,0.002791834,0.019215822,3.6945832e-05,0.28,0.04,0.92595637,1.3551493,0.0025851137,0
1.6946228,0.0025916707,0.019215822,-6.2807253e-06,0.41,0.03,0.98786914,1.2788717,0.0025603038,0
1.6943731,0.0014968982,0.00792098,1.2237867e-05,0.28,0.03,0.9315964,1.3326167,0.001394518,0
1.6953628,0.0023774335,0.014701605,2.8104894e-05,0.33,0.05,0.97225046,1.3236026,0.0023115284,0
1.696221,0.0027853725,0.016784906,9.975181e-06,0.35,0.06,0.996615,1.2607344,0.0027760998,0
1.6959965,0.0023478023,0.015904546,-3.5689393e-07,0.37,0.04,0.9313795,1.3027085,0.002186944,0
1.6963428,0.002876622,0.020208359,2.302524e-05,0.35,0.02,0.9389211,1.3061203,0.002700933,0
1.6965677,0.0031982379,0.018947124,-1.0244398e-05,0.31,0.05,0.95994246,1.2864664,0.003070149,0
1.6962602,0.0027249723,0.01482439,9.409905e-06,0.37,0.05,1.0307202,1.2193879,0.0028086908,0
1.6960565,0.0026372941,0.018540502,2.0065058e-06,0.37,0.03,1.0181172,1.210855,0.0026853872,0
1.6957082,0.0025210304,0.017884731,7.155674e-06,0.29,0.04,0.9418211,1.2783524,0.0023748118,0
1.6955866,0.002380172,0.0151770115,5.4753637e-06,0.34,0.04,0.9445529,1.2459813,0.0022481966,0
1.6953568,0.0020130037,0.014243841,-3.0054382e-06,0.38,0.02,0.9423482,1.256101,0.0018969476,0
1.695157,0.0018351005,0.012195468,-2.599603e-06,0.41,0.03,1.0202309,1.1903698,0.0018722339,0
1.6958503,0.0033013977,0.020718217,1.9374284e-05,0.31,0.03,0.97536206,1.2946483,0.0032206576,0
1.6955206,0.0035525444,0.020496964,-4.567895e-05,0.32,0.04,0.9329035,1.3569874,0.0033141822,0
1.6946394,0.0026120208,0.016422391,-1.1437853e-05,0.33,0.03,0.8703826,1.3947384,0.0022734741,0
1.6956148,0.011075684,0.09543753,8.084789e-06,0.21,0.03,1.0052933,1.1966825,0.0111343125,0
1.6969392,0.011081409,0.09543753,1.3450373e-05,0.27,0.03,1.0063534,1.1954275,0.011152045,0
1.6975958,0.0029219321,0.019488215,6.1942264e-06,0.32,0.04,0.93511224,1.2844601,0.002732377,0
1.693994,0.011690108,0.07455242,-0.00011737765,0.12,0.0,0.4794984,2.1469386,0.0056054546,1
1.694256,0.0117625,0.0770762,0.00011664642,0.12,0.0,0.47055525,2.1886528,0.0055349153,1
1.6985661,0.0029813538,0.017184258,9.532818e-06,0.34,0.04,1.0033529,1.2852715,0.0029914025,0
1.6985404,0.002715112,0.01663053,-1.9016685e-05,0.34,0.05,1.0359911,1.251778,0.002812834,0
1.6981415,0.0026524528,0.017954946,-9.365372e-07,0.34,0.04,1.0110358,1.2254817,0.0026817461,0
1.698184,0.0023400406,0.017954946,6.097738e-06,0.35,0.03,1.0026165,1.2245725,0.0023462153,0
1.6986961,0.0012105157,0.008117318,1.4857766e-05,0.24,0.01,0.9114267,1.4386601,0.0011032895,0
1.6995314,0.002808844,0.019479036,1.4005481e-05,0.36,0.03,1.0130548,1.2716233,0.0028456075,0
1.6996624,0.0033847536,0.020275593,-1.6483302e-05,0.25,0.04,1.0129818,1.2891212,0.0034287502,0
1.6993076,0.002738595,0.020275593,-1.0187149e-05,0.28,0.03,0.9796155,1.3131443,0.0026827694,0
1.6985872,0.0021679748,0.01950562,-2.2275453e-05,0.33,0.02,0.90288186,1.3590183,0.001957436,0
1.6982408,0.0018969763,0.018853426,2.2624372e-08,0.33,0.01,0.9549942,1.3433194,0.0018117551,0
1.698343,0.0025359162,0.01706314,-1.353469e-05,0.28,0.03,0.9428802,1.3303663,0.0023910722,0
1.6984274,0.0031204151,0.01878643,5.766542e-06,0.25,0.03,0.9695241,1.322441,0.0030253844,0
1.6978542,0.0028724447,0.019568682,-3.1765077e-05,0.27,0.03,0.94835734,1.3673251,0.0027242384,0
1.6971877,0.0026258717,0.01913464,-8.765625e-06,0.39,0.03,0.9233762,1.3457953,0.002425383,0
1.6964737,0.002583029,0.021682858,-3.370747e-05,0.31,0.02,0.8793951,1.4002653,0.0022716098,0
1.6950352,0.0018172801,0.00799799,-2.8189032e-05,0.21,0.01,0.6494607,1.7333132,0.0011802426,0
1.6952192,0.0029650496,0.0178684,1.7586164e-05,0.28,0.02,0.8430315,1.4822044,0.0024998712,0
1.6956633,0.003519388,0.017419934,-1.2720241e-05,0.22,0.04,0.9566087,1.3270878,0.0033667115,0
1.6947042,0.0026921683,0.018255115,-2.939989e-05,0.3,0.02,0.9146487,1.3822334,0.0024623964,0
1.7447875,0.11584036,0.41369557,0.002594149,0.01,0.0,0.09583224,6.61364,0.011769444,1
1.8295448,0.12532203,0.41369557,0.0016069505,0.05,0.0,0.12863626,5.2148957,0.016183779,1
1.9166385,0.08540767,0.31137693,0.0012254434,0.02,0.0,0.16595325,4.9462304,0.014208975,1
2.0114105,0.055902418,0.25515854,0.0013184238,0.11,0.01,0.25398767,4.2214603,0.014292877,1
1.9005493,0.16704491,0.43084586,-0.005251371,0.01,0.0,0.081418395,12.118028,0.013984097,2
1.6318594,0.2000023,0.82675064,-0.0057561835,0.01,0.0,0.07776245,7.5933523,0.017642645,2
1.4568398,0.18127936,0.5106003,-0.0031481027,0.03,0.0,0.115185484,5.035857,0.021416448,2
1.3361164,0.11223085,0.41361797,-0.0012898453,0.04,0.0,0.16437984,4.623202,0.018469457,2
1.3552806,0.15324879,0.50951135,0.004132907,0.03,0.0,0.09991446,8.588033,0.01608143,2
1.5630206,0.17639987,0.4438671,0.0052099056,0.01,0.0,0.061579674,10.9704485,0.011688475,2
1.6860576,0.005575664,0.020971775,-0.00014145835,0.08,0.02,0.35855082,3.3257408,0.0020002495,1
1.6811426,0.005069112,0.024291873,-5.6625613e-05,0.16,0.01,0.6301319,1.861707,0.0031948304,0
1.6813623,0.0040782853,0.024291873,6.095023e-05,0.23,0.02,0.8425969,1.4530094,0.0034369244,0
1.6842161,0.003516388,0.022030711,5.0719318e-05,0.21,0.04,0.8310821,1.495493,0.002928805,0
1.6848356,0.0035744132,0.019415379,-2.690132e-05,0.32,0.05,0.9156413,1.3250602,0.0032729092,0
1.6835495,0.0028496906,0.0192765,-1.9576479e-05,0.25,0.03,0.9359054,1.3354292,0.002667639,0
1.6829163,0.0020072856,0.013029575,2.5221918e-06,0.34,0.02,0.9213341,1.3503237,0.0018493908,0
1.6834542,0.0022215585,0.014392614,2.249954e-05,0.35,0.02,0.9324,1.3317716,0.0020714873,0
1.6857581,0.0055222586,0.030296206,4.8217138e-05,0.22,0.04,0.8741561,1.382794,0.0048276084,0
1.686813,0.0060946294,0.03261912,-2.2102206e-05,0.29,0.06,0.84733397,1.3921221,0.0051647276,0
1.6868608,0.0058974344,0.030849338,3.160971e-05,0.24,0.03,0.66660017,1.7028825,0.0039314595,0
1.6789658,0.025960669,0.13954818,-0.0004567686,0.09,0.01,0.26228988,3.6182199,0.00688033,1
1.6223105,0.06115709,0.21414018,-0.0014896871,0.02,0.0,0.14515151,5.9581914,0.008893372,2
1.6107925,0.05043704,0.18057966,0.0014081568,0.05,0.0,0.17984678,4.7776046,0.009099022,1
1.6579137,0.022145998,0.10222316,0.0004303709,0.07,0.01,0.35073322,2.7956324,0.0077775293,1
1.665141,0.006375532,0.028409243,-0.00013491564,0.23,0.04,0.81290054,1.5109025,0.0051850216,0
1.6612782,0.003635193,0.019194722,-2.7552715e-05,0.35,0.06,1.0158683,1.220323,0.0036938302,0
1.6649011,0.007576997,0.032507062,0.00013452776,0.15,0.04,0.6348396,1.7712291,0.0048105363,0
1.6680025,0.009971714,0.055250525,-4.2919102e-05,0.27,0.03,0.6778957,1.6294832,0.0067646015,0
1.6660517,0.009673914,0.056242943,-7.274732e-05,0.32,0.02,0.7424744,1.5620352,0.007183692,0
1.6661391,0.0065487535,0.044631243,8.887258e-06,0.27,0.01,0.87069166,1.2400064,0.005705465,0
1.6678407,0.0037573776,0.025480151,3.845976e-05,0.21,0.04,0.8087762,1.4736993,0.0030410201,0
1.6688468,0.0019292914,0.014142275,2.476056e-06,0.33,0.03,0.89052284,1.3631694,0.0017181535,0
1.6712472,0.0038370045,0.021037698,7.403603e-05,0.14,0.03,0.75722903,1.6910608,0.0029056405,0
1.6754656,0.0054659913,0.029069424,0.00011440799,0.11,0.03,0.5970869,2.0952508,0.0032725635,0
1.6760019,0.013681075,0.09816456,2.7343525e-05,0.14,0.01,0.6061632,2.1073036,0.0082930885,1
1.6790555,0.014457235,0.09816456,0.0002126132,0.14,0.02,0.58867216,2.1764598,0.00851057,1
1.68495,0.0051725786,0.033777356,8.472059e-05,0.25,0.03,0.6704417,1.8459619,0.0034697289,0
1.6819675,0.0051809438,0.025304079,-0.00014363875,0.01,0.03,0.4410445,2.767832,0.0022879266,1
1.6770123,0.0023144814,0.013358593,-3.11245e-05,0.32,0.01,0.65600324,1.8250285,0.0015202716,0
1.6765959,0.0019533182,0.011952758,1.6574922e-05,0.35,0.02,0.9281787,1.3316983,0.0018133672,0
1.6781267,0.012988509,0.065925,0.00012665254,0.07,0.0,0.2391602,3.4666047,0.0031156284,1
1.6866798,0.015681779,0.07727659,0.00029644434,0.05,0.01,0.28192508,3.5784955,0.0044221575,1
1.6853545,0.02913427,0.13359845,-0.0005292849,0.07,0.01,0.29625583,3.8893268,0.008691781,1
1.6223909,0.06359994,0.19942117,-0.0019514206,0.02,0.0,0.17298104,5.492774,0.011001836,2
1.6313282,0.06888726,0.21546161,0.0019968718,0.03,0.01,0.21023351,4.814768,0.014532692,1
1.6991214,0.022657583,0.14982188,0.00034386248,0.12,0.01,0.5508403,1.8871039,0.012480757,1
1.7058969,0.013575224,0.0801785,0.0001648843,0.11,0.01,0.4831849,2.184048,0.00655954,1
1.6902127,0.03647128,0.15728676,-0.0008051916,0.07,0.0,0.2829843,4.0490603,0.010382897,1
1.6097342,0.07216553,0.23876154,-0.002315128,0.01,0.0,0.13535883,7.9594216,0.009824867,2
1.5726573,0.03964311,0.13509166,0.0004052177,0.04,0.0,0.1710968,4.2043095,0.006785084,1
1.6361688,0.04705118,0.15602064,0.0010550243,0.07,0.0,0.13385823,5.925769,0.006341439,1
1.678144,0.015301561,0.0730077,0.00023256888,0.07,0.0,0.26699102,3.8501937,0.0041257865,1
1.6810243,0.0028972665,0.022757053,-4.5212902e-05,0.23,0.02,0.8656235,1.4549493,0.0025081646,0
1.6803689,0.0019761093,0.013815284,9.891831e-06,0.32,0.02,0.90776855,1.3761162,0.0017938603,0
1.68107,0.002005741,0.011795878,2.2999697e-05,0.29,0.02,0.93014014,1.3577545,0.0018668782,0
1.6829045,0.0027809509,0.018044114,5.5593388e-05,0.25,0.02,0.8398112,1.4838741,0.0023358162,0
1.684069,0.0036283017,0.023403883,-4.461952e-06,0.34,0.03,0.8402365,1.5109601,0.0030486695,0
1.6848303,0.005167026,0.02906704,3.903918e-05,0.19,0.03,0.6214118,1.937493,0.0032125462,0
1.691186,0.007438499,0.030007243,0.0002001473,0.11,0.01,0.3552792,3.3229783,0.0026463736,1
1.6936278,0.0047880537,0.016892433,-6.0131686e-05,0.04,0.03,0.37892076,3.1414812,0.001814528,1
1.690331,0.0023648634,0.013895035,-2.4635383e-05,0.31,0.01,0.7604795,1.5765566,0.0018037265,0
1.6902851,0.0022524935,0.018451452,1.8917686e-05,0.33,0.01,0.9416978,1.3495749,0.0021212273,0
1.6906531,0.0074222796,0.078305244,3.8058608e-06,0.33,0.01,1.1581713,1.108186,0.008596707,0
1.6841941,0.022130752,0.14512885,-0.0002799425,0.09,0.02,0.57916397,2.0546262,0.012818165,1
1.6676717,0.026016936,0.16040647,-0.00045173112,0.11,0.02,0.6079422,1.9707351,0.015817035,1
1.6712238,0.029746545,0.18215632,0.00049276365,0.14,0.01,0.6040097,1.9629307,0.017968003,1
1.6815088,0.029793588,0.16935349,6.988142e-05,0.1,0.02,0.60668963,1.9914708,0.018075584,1
1.6744434,0.019326303,0.13437903,-7.6372395e-05,0.14,0.01,0.56450677,2.2779086,0.010923804,1
1.6710876,0.003193836,0.019841433,1.1519795e-05,0.31,0.04,1.0037922,1.2909168,0.003206047,0
1.6707333,0.0033227892,0.019834042,-2.9856965e-05,0.35,0.02,0.9133576,1.2976373,0.003035508,0
1.6710876,0.0039287475,0.02242732,2.2900216e-05,0.3,0.03,0.843795,1.4784727,0.0033151053,0
1.6716394,0.0037358785,0.02145207,-1.9027964e-05,0.22,0.03,0.91300327,1.352926,0.003410948,0
1.6709874,0.0024224198,0.017036557,-3.1706925e-06,0.36,0.03,0.9609614,1.2838886,0.0023278622,0
1.6693379,0.003004958,0.017231464,-4.662842e-05,0.14,0.03,0.8529113,1.4478084,0.002562958,0
1.6680092,0.0031438146,0.017231464,2.9160997e-06,0.32,0.05,1.0201398,1.2333807,0.0032071357,0
1.667991,0.0025483193,0.015827417,-1.057843e-05,0.33,0.03,0.999043,1.254583,0.0025459654,0
1.6681672,0.0018808141,0.013618588,8.967787e-06,0.33,0.02,0.96119857,1.2969718,0.0018079145,0
1.6690476,0.0028682058,0.01634121,8.119223e-06,0.31,0.05,1.0327125,1.2530874,0.0029628258,0
1.6695886,0.0026977323,0.01634121,-3.116648e-06,0.32,0.03,1.0144248,1.2799556,0.0027372853,0
1.669279,0.0016021488,0.011717439,-1.0797041e-05,0.42,0.03,0.96158075,1.2589849,0.0015409265,0
1.6692778,0.0014421256,0.008560419,7.6475235e-06,0.34,0.03,0.9922071,1.2169719,0.0014308877,0
1.6694943,0.0028475078,0.024894238,3.907965e-06,0.36,0.03,0.9841678,1.3438357,0.0028024365,0
1.6695833,0.0029969823,0.024894238,1.7535087e-05,0.39,0.03,0.9947729,1.3368531,0.0029813221,0
1.6700026,0.0018382963,0.0115737915,1.7448265e-05,0.35,0.01,1.0446168,1.1897875,0.0019216676,0
1.6708282,0.0027356818,0.014991641,2.7145696e-05,0.31,0.04,0.9450279,1.2792517,0.002585584,0
1.6712925,0.0025231314,0.014787197,-8.0327965e-07,0.3,0.03,0.9260868,1.2556887,0.0023383934,0
1.6713822,0.001949422,0.013629198,4.464027e-06,0.31,0.04,1.0296777,1.1829199,0.0020072896,0
1.6712868,0.001987732,0.013629198,-1.730087e-05,0.32,0.03,1.0157397,1.1919062,0.002019032,0
1.671334,0.0020785092,0.014219046,6.5410836e-06,0.34,0.02,0.9670561,1.3049268,0.002010034,0
1.6714035,0.002226193,0.014219046,-1.624832e-05,0.33,0.04,0.96445394,1.3230432,0.0021471416,0
1.6708744,0.0018792285,0.012862444,-1.1556554e-05,0.38,0.03,0.96686035,1.273411,0.0018170039,0
1.6708312,0.0018045126,0.012862444,1.10443125e-05,0.38,0.02,1.0051023,1.2120456,0.0018138284,0
1.6712533,0.0021103104,0.01577568,1.5448182e-05,0.37,0.03,1.0009751,1.2126007,0.0021125115,0
1.6714935,0.0031024662,0.018362045,8.734841e-06,0.44,0.04,1.0419337,1.2051067,0.0032325722,0
1.6711917,0.0028215346,0.018362045,-2.3037624e-06,0.41,0.03,1.032567,1.2376069,0.002913694,0
1.671189,0.001584265,0.010058045,7.722901e-06,0.34,0.03,0.92090744,1.3226786,0.0014589591,0
1.6717111,0.0020904208,0.013504386,3.5380315e-06,0.29,0.04,0.9248451,1.335879,0.0019335462,0
1.6714439,0.0021257645,0.013423324,-1.6243293e-05,0.3,0.04,0.94527656,1.3194984,0.002009517,0
1.6717001,0.0022245834,0.013794899,1.697467e-05,0.38,0.04,1.0078166,1.2669083,0.0022419868,0
1.6721951,0.0023922035,0.013816476,-1.0270397e-05,0.3,0.05,1.044157,1.2267747,0.002497839,0
1.6728919,0.0031006294,0.016535997,3.6569854e-05,0.29,0.05,0.9130451,1.3612077,0.002831049,0
1.6731571,0.0031098032,0.016384602,-2.057521e-05,0.3,0.05,0.9395919,1.336689,0.0029220157,0
1.6724861,0.002294075,0.013465762,-1.1770272e-05,0.33,0.02,1.048706,1.1953027,0.002405816,0
1.6727555,0.0026672261,0.01652968,-5.4613247e-06,0.39,0.02,0.9891934,1.274056,0.0026392809,0
1.6734179,0.0029578342,0.016508102,4.5573142e-06,0.26,0.05,0.96759653,1.2917875,0.0028619892,0
1.6758523,0.006985794,0.032458067,0.00011968238,0.11,0.01,0.44767,2.6833553,0.0031372167,1
1.6844146,0.009245834,0.034083724,0.00025930157,0.03,0.01,0.3220287,3.7700067,0.0029809629,1
1.6817698,0.010604631,0.035634875,-0.0003154126,0.01,0.01,0.29615188,4.2599907,0.0031507951,1
1.6713938,0.0054877433,0.026626468,-7.2451396e-05,0.19,0.02,0.5657318,2.1960201,0.0031116644,0
1.670892,0.0029923536,0.01611638,2.9031222e-05,0.31,0.04,1.0006847,1.2394096,0.0029948696,0
1.6718085,0.0025636076,0.01611638,1.09790435e-05,0.37,0.03,1.0682623,1.2164931,0.0027391238,0
1.6721406,0.0016480373,0.012042642,2.1099593e-06,0.29,0.01,0.93098986,1.2658595,0.001535065,0
1.6725092,0.0026366143,0.01745689,4.1988114e-06,0.27,0.03,0.9879205,1.2223773,0.0026047858,0
1.672197,0.002541491,0.01795733,-2.0950152e-05,0.32,0.02,0.97447336,1.2589916,0.0024766212,0
1.672094,0.0024994565,0.016664624,1.2117389e-05,0.32,0.03,1.0316725,1.2882705,0.0025786224,0
1.6678414,0.013716901,0.08899844,-9.203184e-05,0.08,0.0,0.5427615,2.2087352,0.007446331,1
1.6744428,0.0249064,0.17326403,0.00039816453,0.1,0.01,0.589095,1.7194846,0.014680275,1
1.6828645,0.021549515,0.1677376,-4.5323945e-06,0.14,0.01,0.66162425,1.5253228,0.014261798,1
1.6837583,0.015646467,0.10226679,0.00011170215,0.2,0.02,0.6451252,1.9889486,0.010093927,0
1.679524,0.022509418,0.13416696,-0.00046491803,0.07,0.0,0.53152084,2.2567003,0.0119871795,1
1.6782836,0.029263258,0.17106724,0.000110285095,0.05,0.01,0.46558094,2.158425,0.013641562,1
1.6832952,0.023931202,0.14415884,-7.415774e-05,0.12,0.02,0.49311206,1.9305351,0.011803956,1
1.6853735,0.021574406,0.12899077,0.00013066,0.16,0.03,0.6300191,1.8504438,0.013593488,0
1.6873386,0.02146453,0.12899077,4.4877306e-05,0.18,0.04,0.7055587,1.6362234,0.01514459,0
1.6840891,0.010299504,0.08774245,-1.8121136e-05,0.18,0.02,0.83053464,1.2656235,0.008554861,0
1.6842021,0.0022157414,0.013669372,5.1157018e-05,0.1,0.02,0.6251695,2.0065358,0.0013856044,0
1.6856139,0.0020943717,0.015098929,-1.0780037e-05,0.33,0.03,1.0170289,1.2425203,0.0021300523,0
1.685793,0.0032117087,0.021986365,-4.5905117e-06,0.23,0.03,0.95028996,1.3299038,0.0030523494,0
1.6854588,0.0031379976,0.023046732,-2.770666e-05,0.32,0.02,0.8651559,1.4808621,0.0027164617,0
1.6848111,0.0020758642,0.012302756,-4.120996e-06,0.28,0.03,0.92798007,1.3884457,0.0019265688,0
1.6846935,0.0020811046,0.012810707,3.226043e-06,0.33,0.03,1.0275548,1.2520908,0.0021385239,0
1.6839495,0.015039942,0.12886488,-3.4175864e-05,0.35,0.02,1.1534547,1.0857697,0.01734915,0
1.6870466,0.025940537,0.12886488,0.0001296392,0.27,0.09,1.1037773,1.0847526,0.028635584,0
1.6849127,0.028854001,0.108380556,-0.000117837444,0.39,0.06,1.0991879,1.061374,0.031728577,0
1.6816361,0.028238576,0.09195769,8.6476044e-05,0.4,0.04,1.1529411,1.0158784,0.03255877,0
1.6787051,0.030319564,0.102493405,-0.0001892642,0.39,0.03,1.1420155,1.020355,0.03462706,0
1.673162,0.03150882,0.09500015,-8.782853e-07,0.4,0.0,1.1771271,0.99064165,0.03708992,0
1.6758037,0.03271363,0.10783696,6.944913e-05,0.4,0.03,1.1743548,0.99256223,0.03841755,0
1.6787676,0.033007585,0.101617575,1.0578981e-05,0.4,0.03,1.1774881,0.9974395,0.038866103,0
1.6780484,0.033919916,0.106532454,-3.1461772e-05,0.4,0.02,1.1775601,0.99385476,0.03994304,0
1.6866969,0.035932004,0.17623472,0.0003070303,0.32,0.01,0.9783838,1.1976218,0.035156533,0
1.691874,0.02518365,0.17623472,-0.000107835105,0.11,0.02,0.8086281,1.408283,0.020368215,1
1.687258,0.0030578421,0.024060965,1.3104038e-05,0.29,0.02,0.8849657,1.3603464,0.0027061477,0
1.6881111,0.0070790546,0.07215786,3.7105037e-05,0.29,0.02,1.1164165,1.1758572,0.007906497,0
1.6918631,0.016141176,0.07554448,0.00011782074,0.34,0.06,1.1708063,1.0517483,0.018898495,0
1.6903821,0.020188924,0.06849718,-0.0001000871,0.39,0.05,1.139992,1.0513067,0.02301624,0
1.6881475,0.019384706,0.06373656,7.7580145e-05,0.39,0.02,1.1567414,1.0178591,0.02242495,0
1.6914176,0.017571481,0.072408676,6.535765e-05,0.34,0.03,1.1316891,1.0739642,0.019886272,0
1.6914325,0.012597971,0.07441151,-4.4443755e-06,0.18,0.05,1.0731257,1.1485955,0.013519207,0
1.6862701,0.0155027555,0.09551799,-5.6213372e-05,0.24,0.04,1.0558337,1.1359735,0.016369393,0
1.6826953,0.020465944,0.07403779,7.145648e-05,0.39,0.03,1.1279229,1.0497835,0.02309191,0
1.6845132,0.020208934,0.06828952,6.507779e-05,0.39,0.03,1.1669283,1.0184231,0.02358347,0
1.6867446,0.018274287,0.07304561,5.8693826e-05,0.39,0.03,1.169346,1.0216066,0.021369837,0
1.6875238,0.017793577,0.060136676,3.228301e-05,0.39,0.02,1.1624358,1.0222018,0.02068636,0
1.6863692,0.018235294,0.06067705,-2.3469215e-06,0.39,0.02,1.1653212,1.0180078,0.021251973,0
1.6915908,0.018556975,0.09998429,0.00017481633,0.28,0.01,0.94280356,1.2463381,0.017497106,0
1.691187,0.016625676,0.11134541,-0.00026994583,0.26,0.02,0.8024833,1.4738524,0.013343244,0
1.6847295,0.017389847,0.076260805,-5.907882e-06,0.32,0.04,1.0966403,1.0720047,0.019073317,0
1.6903305,0.021215698,0.071870565,0.00020041106,0.39,0.04,1.1129622,1.0617559,0.02361787,0
1.6943164,0.02309737,0.08044946,-5.93383e-06,0.39,0.04,1.1598608,1.0100579,0.02679219,0
1.6947538,0.026262974,0.09948194,0.00010986884,0.39,0.02,1.1408718,1.0315692,0.029967325,0
1.6938013,0.027087474,0.09948194,-3.5859055e-05,0.4,0.04,1.1547492,1.0190028,0.03128015,0
1.6824619,0.027501525,0.11263168,-0.00031714392,0.4,0.08,1.0881552,1.0842894,0.029926153,0
1.6658913,0.024529774,0.096879244,-0.00025874435,0.41,0.07,1.0635937,1.1197053,0.026091421,0
1.670268,0.019973515,0.08099544,0.0004827761,0.21,0.01,0.829554,1.451108,0.016572999,0
1.6881245,0.00840967,0.032233834,0.00023440945,0.05,0.01,0.29469433,4.121972,0.0024923491,1
1.6932876,0.0027469755,0.017402887,-1.0421447e-05,0.27,0.03,1.0077468,1.2811766,0.0027682784,0
1.6932538,0.003208787,0.018587828,1.0420216e-05,0.33,0.04,0.9776031,1.2603934,0.0031405604,0
1.6925923,0.003434823,0.020230293,-2.7235337e-05,0.25,0.05,0.9756277,1.2424606,0.0033511242,0
1.6922759,0.013322022,0.1141783,2.8569268e-05,0.31,0.01,0.81363165,1.5121018,0.010840637,0
1.6917276,0.017969245,0.1141783,-9.953624e-06,0.32,0.01,0.93186384,1.300762,0.01674711,0
1.6914759,0.017001793,0.06323469,5.3925785e-05,0.37,0.04,1.1156974,1.0674076,0.018971097,0
1.6922084,0.017385451,0.060284257,7.0606084e-06,0.4,0.02,1.1748897,0.99440724,0.020426255,0
1.6923168,0.01775621,0.060284257,8.308153e-06,0.4,0.01,1.1768514,0.996417,0.020896588,0
1.6933637,0.013535071,0.050918818,3.106732e-06,0.33,0.1,1.1506925,1.0252417,0.015575662,0
1.6929975,0.0061135716,0.04778421,-4.2189655e-05,0.23,0.03,0.9711908,1.1799425,0.005938243,0
1.6915301,0.0031703906,0.01736343,-1.0710431e-05,0.28,0.05,0.93756175,1.3323557,0.0029724366,0
1.6906068,0.0029665232,0.01904881,-1.85203e-05,0.35,0.04,0.9744363,1.2875096,0.0028909307,0
1.690125,0.0023773338,0.017396688,-3.2676085e-06,0.32,0.03,0.9563703,1.2784804,0.0022738127,0
1.6900252,0.0024124833,0.016971469,-3.1567035e-06,0.3,0.02,0.9070499,1.3543142,0.0021882695,0
1.6899036,0.0018342417,0.011506319,3.7476705e-06,0.36,0.03,0.9603493,1.3115703,0.0017615161,0
1.6909982,0.0030646247,0.020567894,4.2932537e-05,0.31,0.02,0.86411273,1.3899485,0.0026490295,0
1.6919457,0.0034614913,0.020567894,8.382441e-06,0.32,0.04,0.9362162,1.2951664,0.003240773,0
1.6917173,0.00307797,0.020442724,4.284462e-06,0.34,0.02,0.9686683,1.257188,0.0029816253,0
1.6911916,0.002723103,0.01957202,-9.803503e-06,0.38,0.03,0.96398205,1.2847421,0.0026250363,0
1.6846836,0.013333756,0.06582546,-0.00020768397,0.04,0.0,0.4014646,2.8179336,0.0053531295,1
1.6727993,0.02891491,0.13799345,-0.00021209518,0.1,0.0,0.3749864,2.6114824,0.010842905,1
1.6646701,0.035835233,0.16576266,-0.00010224354,0.17,0.01,0.55417913,1.9944259,0.019863585,1
1.677398,0.03928233,0.17857957,0.0003597193,0.28,0.06,0.8865463,1.309241,0.034826424,0
1.6836994,0.03941689,0.15691006,-0.0003607882,0.39,0.04,1.1284547,1.0389878,0.044483308,0
1.6784217,0.042926904,0.1434505,7.7494304e-05,0.4,0.06,1.1697512,0.9987475,0.050214566,0
1.6769257,0.04514574,0.14969563,-0.00013400524,0.4,0.06,1.1662413,1.0000309,0.05265225,0
1.6722172,0.04400453,0.13017571,5.820375e-05,0.4,0.0,1.1768286,0.99896544,0.051787306,0
1.6688315,0.039604798,0.1677984,6.1753795e-05,0.29,0.02,0.9989357,1.1786897,0.039570626,0
1.6777103,0.02712794,0.15620065,0.0005254132,0.05,0.0,0.530652,2.0506222,0.014416705,1
1.6906635,0.0018466853,0.010802746,1.5022191e-05,0.34,0.03,0.93948233,1.3426615,0.0017349259,0
1.6912328,0.0014376118,0.009235501,4.801209e-06,0.35,0.03,0.9636184,1.2948148,0.0013853131,0
1.6941535,0.0047390936,0.017114878,0.00012226182,0.05,0.02,0.2988645,4.079728,0.0014196344,1
1.7004259,0.005269069,0.0195055,0.00014562893,0.03,0.0,0.30377096,4.128148,0.0016094572,1
1.7037628,0.0021544914,0.011115432,-1.2137686e-05,0.35,0.03,0.9486451,1.2599345,0.0020441122,0
1.7122202,0.021721723,0.13308728,0.00041524766,0.05,0.0,0.26895142,2.8447483,0.005980276,1
1.8378044,0.120385885,0.29998124,0.0038775979,0.01,0.0,0.058783945,10.893392,0.0076743783,1
1.9055526,0.10537853,0.32162344,-0.0023422877,0.02,0.0,0.08127043,5.7571383,0.008691743,1
1.7805068,0.11841645,0.32653213,-0.0033302454,0.01,0.0,0.057084367,9.71921,0.0073842965,2
1.7594734,0.06743168,0.18367767,0.0020259458,0.01,0.0,0.079119116,11.010303,0.0055069574,1
1.8820462,0.08286972,0.30406404,0.0026434201,0.03,0.0,0.08067453,9.888755,0.007352305,1
1.932766,0.04300154,0.16907084,-0.0005476375,0.04,0.0,0.14678493,4.3128643,0.0063452786,1
1.9447947,0.04510702,0.16294563,0.0007685335,0.02,0.0,0.14784281,4.457957,0.0066941613,1
1.8708545,0.11288165,0.3198899,-0.0033928805,0.01,0.0,0.06484419,8.731094,0.007606946,2
1.7442168,0.048191596,0.21702802,-0.0011801712,0.01,0.0,0.10129412,6.857298,0.005308069,2
1.7323109,0.04592056,0.24313474,0.00066630886,0.01,0.0,0.21175468,2.7849345,0.010009195,1
1.7826325,0.06904768,0.24313474,0.0013453767,0.09,0.02,0.24599516,2.2594178,0.016996883,1
1.7787867,0.056694042,0.21790946,-0.0014314723,0.09,0.02,0.25186655,2.3383808,0.014429113,1
1.8032258,0.10073834,0.32014012,0.002534413,0.03,0.03,0.2373619,2.475894,0.023915447,1
1.9232554,0.10593002,0.42021084,0.002262426,0.13,0.01,0.3363117,1.8066388,0.035742003,1
1.923973,0.11143039,0.41485333,-0.0023126616,0.12,0.01,0.29571256,2.0202622,0.03297459,2
1.793634,0.1136539,0.37780082,-0.0031948872,0.01,0.02,0.16604884,3.443919,0.01909468,2
1.6980844,0.037289273,0.14765477,-0.0008391551,0.01,0.0,0.17971349,3.118139,0.006723752,1
1.6779556,0.03543512,0.14344406,-0.00024084169,0.06,0.0,0.23045678,3.3724582,0.0081706345,1
1.6118577,0.11021859,0.3580476,-0.0027693128,0.03,0.0,0.0920716,7.39443,0.0105087785,2
1.482453,0.115935534,0.33581877,-0.0027831227,0.02,0.0,0.10083743,5.1873446,0.011759637,2
1.5579271,0.14692739,0.37457812,0.0046005966,0.01,0.0,0.056046613,11.68478,0.008851521,2
1.7057363,0.02222467,0.13671756,0.00037720162,0.01,0.0,0.21581218,4.2151513,0.004947646,1
1.7097898,0.0037638496,0.021516323,-6.0201302e-05,0.21,0.03,0.7104753,1.7621951,0.0026747698,0
1.7083577,0.002877889,0.018584847,4.0596922e-05,0.25,0.02,0.8425491,1.4804273,0.0024248098,0
1.7094768,0.001798155,0.014714122,-2.6429182e-06,0.34,0.02,1.0173045,1.2014288,0.001829279,0
1.709531,0.0025023723,0.019833565,-2.8348527e-06,0.35,0.02,0.9264176,1.2760922,0.002318672,0
1.7094175,0.0031193953,0.019833565,-2.2574757e-06,0.4,0.03,0.9200516,1.2722757,0.002870174,0
1.7087522,0.003921285,0.024096966,-3.804977e-05,0.32,0.03,0.8220719,1.494298,0.003223713,0
1.7061597,0.004769934,0.028921843,-6.553717e-05,0.18,0.04,0.7298845,1.6901839,0.0034814999,0
1.7035074,0.0046647014,0.025875926,-3.2725595e-05,0.17,0.02,0.6066304,1.9560008,0.0028298611,0
1.7023131,0.004682252,0.021767735,-7.33687e-05,0.07,0.01,0.43001613,2.6448448,0.0020159646,1
1.7017604,0.0047302707,0.023102283,-5.8644896e-06,0.04,0.01,0.5036993,2.2613523,0.0023863758,1
1.7051032,0.0060180915,0.023642182,9.244301e-05,0.16,0.03,0.49313018,2.3755565,0.002968482,0
1.706654,0.0041645807,0.019437075,-8.726817e-05,0.17,0.02,0.6575927,1.8898158,0.00274433,0
1.7039315,0.003215875,0.016880631,-3.2829317e-05,0.29,0.03,0.9390713,1.3884027,0.0030199592,0
1.7022943,0.0027010948,0.016880631,-2.2047732e-05,0.34,0.02,0.963069,1.3557354,0.0026013579,0
1.7022477,0.0024959575,0.014112949,1.7539916e-05,0.33,0.03,0.93144697,1.3497374,0.0023251872,0
1.703245,0.0037473754,0.018753052,2.7726755e-05,0.23,0.05,0.903398,1.3908631,0.003385528,0
1.6977772,0.014064515,0.06604123,-0.00024616963,0.11,0.0,0.27642378,3.837611,0.0038877714,1
1.6987146,0.014378293,0.063741684,0.00010571075,0.04,0.0,0.22596861,4.126594,0.0032494583,1
1.7049701,0.003687917,0.022111297,-3.012781e-05,0.2,0.02,0.8056007,1.4811648,0.002971411,0
1.7038466,0.003119806,0.022111297,-3.2365453e-05,0.27,0.02,0.92226404,1.3094419,0.0028774983,0
1.7031268,0.0027088437,0.012502551,-2.0853075e-05,0.24,0.03,0.70819455,1.700688,0.0019184041,0
1.7042134,0.0032755628,0.017947674,1.2771169e-05,0.28,0.01,0.79923666,1.6851865,0.0026179485,0
1.7042708,0.0033410813,0.01793003,-3.4089422e-05,0.23,0.01,0.77639675,1.7525932,0.0025941604,0
1.7038159,0.0033173657,0.013292313,3.997439e-05,0.22,0.0,0.65588605,1.9720947,0.0021758608,0
1.7040669,0.0030124837,0.012980938,-1.0783305e-05,0.26,0.02,0.8985271,1.556734,0.002706795,0
1.70266,0.004225613,0.022082567,-2.352824e-05,0.33,0.05,0.9179261,1.4493337,0.0038793832,0
1.7030963,0.004319014,0.022082567,5.8309517e-05,0.26,0.04,0.8572904,1.4480727,0.0037034622,0
1.7112077,0.008461256,0.04487574,0.00020671365,0.03,0.01,0.37293842,2.9917371,0.003161406,1
1.7166978,0.0057244254,0.03692627,-2.7768878e-05,0.22,0.02,0.55576545,1.9810092,0.0031814934,0
1.7118444,0.0051641664,0.024894834,-0.00012220809,0.05,0.02,0.49424803,2.4555235,0.0025539668,1
1.7069141,0.0029573643,0.018280149,-5.5298602e-05,0.26,0.01,0.7964931,1.5921786,0.0023562093,0
1.705194,0.0019170587,0.010136604,-1.3593055e-05,0.32,0.05,1.0816584,1.2386992,0.002073607,0
1.7044071,0.0028200436,0.021032095,-1.627493e-05,0.39,0.03,1.0045366,1.2872319,0.0028328644,0
1.7038745,0.003287442,0.02110076,-1.8839139e-05,0.32,0.03,0.9172777,1.3969654,0.0030155368,0
1.7030327,0.0025628384,0.014372468,-2.5975813e-05,0.34,0.02,0.8616356,1.4687588,0.002208227,0
1.7029469,0.0029656023,0.018770933,2.450538e-05,0.34,0.06,1.0083588,1.2571781,0.002990394,0
1.7030219,0.0045390124,0.024161577,-1.0608949e-05,0.26,0.03,0.8410348,1.446215,0.0038174943,0
1.7025673,0.004958348,0.02682221,-3.0090364e-06,0.18,0.03,0.67186636,1.7239525,0.0033314934,0
1.7003425,0.0044956403,0.023907542,-7.784684e-05,0.15,0.02,0.47789887,2.4482207,0.0021511808,0
1.6957633,0.0039791977,0.019342542,-6.5431916e-05,0.15,0.02,0.4881954,2.4380202,0.0019453197,0
1.693862,0.004379465,0.021021485,2.4972956e-05,0.12,0.03,0.5500558,1.9822378,0.0024089424,0
1.6920656,0.005848958,0.03209293,-7.1590184e-05,0.11,0.03,0.49005204,2.3131256,0.0028668735,0
1.689899,0.0045578964,0.031985044,3.1619218e-06,0.26,0.03,0.6882717,1.7717718,0.0031371943,0
1.6937017,0.0070414804,0.031982183,0.00016424818,0.09,0.02,0.42634365,2.8386652,0.0030042406,1
1.7011707,0.0071567013,0.035889268,0.0001652837,0.17,0.01,0.45467833,2.6476698,0.003259583,1
1.7048438,0.0027715778,0.019585252,5.7747097e-06,0.33,0.02,0.96342635,1.2729603,0.0026724094,0
1.7040156,0.0019638343,0.01147604,-2.465656e-05,0.32,0.06,0.8584218,1.4195001,0.0016858124,0
1.7031746,0.0020694495,0.013958931,-3.419114e-07,0.37,0.02,0.8986241,1.3494269,0.0018597674,0
1.7030096,0.0036050812,0.022517204,1.2900948e-05,0.3,0.02,0.93105954,1.4053283,0.0033573303,0
1.7034682,0.0040693968,0.02249074,3.5002067e-05,0.34,0.05,0.9586585,1.3136637,0.0039012295,0
1.7029766,0.0037622787,0.022461176,-3.8558057e-05,0.28,0.04,0.78683084,1.5148672,0.0029602891,0
1.7028285,0.0038670844,0.023014069,2.7276106e-05,0.25,0.03,0.82683253,1.5178003,0.0031996756,0
1.7027571,0.0038810326,0.018579006,-1.4662443e-05,0.24,0.05,0.978785,1.2762818,0.0037987148,0
1.7013717,0.0033524036,0.019245028,-6.7732235e-06,0.36,0.03,0.9373546,1.3269289,0.0031423972,0
1.7001549,0.0024168396,0.018421888,-2.615654e-05,0.34,0.02,0.8835985,1.4065708,0.0021355108,0
1.6998215,0.00248521,0.016454577,6.640186e-06,0.37,0.03,0.9698451,1.2983046,0.0024103108,0
1.6992764,0.00798595,0.07249355,-4.6894776e-05,0.28,0.02,0.82951635,1.3044921,0.0066245,0
1.6962892,0.008316639,0.07249355,-8.113431e-05,0.17,0.01,0.78250474,1.3609895,0.006508174,0
1.6922079,0.0040047136,0.0173949,-7.609878e-05,0.2,0.03,0.67448115,1.8043075,0.0027013044,0
1.6938164,0.011542761,0.08370149,0.00017298885,0.19,0.0,0.6068358,1.9092573,0.0070231985,0
1.6930143,0.016172303,0.12462938,-3.9626993e-05,0.19,0.01,0.49500462,2.109775,0.008007122,1
1.6704667,0.039588246,0.1401428,-0.0008998183,0.03,0.0,0.11542273,7.5251675,0.0047745137,1
1.6228454,0.06627142,0.19581163,-0.00081301865,0.02,0.0,0.10830797,5.766603,0.0071777753,2
1.644897,0.07125107,0.19581163,0.0020348027,0.01,0.0,0.0941506,7.2644277,0.006840265,1
1.695131,0.004697193,0.023193955,-3.6457855e-05,0.19,0.05,0.7168061,1.6434889,0.0033676373,0
1.6567373,0.05102405,0.15595853,-0.0015441527,0.01,0.0,0.06819777,15.303417,0.00379684,2
1.564743,0.06641036,0.2104125,-0.002227237,0.01,0.0,0.039015524,27.129635,0.0033283343,2
1.4886155,0.025367314,0.092905045,-0.0008629048,0.03,0.0,0.066157825,17.317715,0.0019227769,2
1.4545876,0.015469814,0.056655884,-0.00052756665,0.03,0.0,0.1711599,7.238441,0.0027089326,1
1.5168616,0.081995085,0.2359209,0.002261113,0.01,0.0,0.11779013,4.9778194,0.009711535,1
1.572156,0.0501626,0.23368049,-0.00029046377,0.06,0.0,0.23080206,2.4707286,0.011640373,1
1.5942944,0.061457932,0.1876055,0.0017985466,0.03,0.0,0.13509876,5.364501,0.008380395,1
1.6398654,0.031778872,0.13634741,0.00030936967,0.06,0.0,0.16767749,4.3741903,0.0053797094,1
1.6068738,0.047757976,0.15067542,-0.0015473691,0.01,0.0,0.06381984,14.467492,0.0034034185,2
1.5469948,0.056070987,0.16978192,-0.0006542133,0.02,0.0,0.10311104,7.788004,0.005781828,1
1.5729746,0.06462731,0.17145598,0.0018325602,0.01,0.0,0.08302297,10.563548,0.005482637,1
1.6238446,0.007149113,0.02974701,-1.9761093e-05,0.09,0.01,0.37629297,2.7083485,0.0026934496,1
1.6269126,0.005770264,0.029357672,3.670934e-05,0.29,0.01,0.49590284,2.1371496,0.002863377,0
1.6338506,0.0069516553,0.030292988,0.00020937761,0.07,0.01,0.40644947,2.938281,0.0028359203,1
1.6457232,0.008402462,0.035787106,0.0002714189,0.07,0.01,0.35575205,3.3970563,0.0030067742,1
1.6558055,0.008977937,0.044563413,0.00015467024,0.23,0.05,0.84001917,1.3794196,0.0075464523,0
1.6690294,0.016194442,0.06966519,0.0003766343,0.27,0.04,0.74872124,1.5626925,0.012133234,0
1.6796901,0.015042986,0.06376207,0.00010311125,0.37,0.06,1.0288486,1.1438777,0.015481633,0
1.6821095,0.012899386,0.05481398,5.078289e-05,0.4,0.03,1.1377938,1.0385389,0.014676859,0
1.685395,0.011009853,0.044056773,8.576258e-05,0.4,0.05,1.1304941,1.028478,0.012446852,0
1.6894435,0.010959062,0.061027408,4.450675e-05,0.31,0.02,1.041533,1.1217674,0.011415145,0
1.6867247,0.013520653,0.08236718,-0.00014357295,0.09,0.02,0.5644529,1.9060875,0.007652951,1
1.6629506,0.032734282,0.12521958,-0.0002842275,0.04,0.0,0.18747276,4.4851227,0.0061446284,1
1.6649989,0.039115977,0.1469791,0.0010006642,0.03,0.0,0.25122836,4.0200796,0.009848262,1
1.6935565,0.023585353,0.1469791,0.0003561685,0.05,0.0,0.37131983,2.8614883,0.008760866,1
1.7026982,0.0060556033,0.03364587,9.698386e-05,0.09,0.01,0.43096647,2.4730463,0.0026124208,1
1.7065893,0.005669346,0.03336811,0.00010416957,0.21,0.04,0.5890676,2.241554,0.0033444995,0
1.7098038,0.0036243186,0.020491123,2.154677e-05,0.24,0.03,0.9448619,1.3687068,0.003424847,0
1.70827,0.0043490054,0.026031017,-8.434181e-05,0.15,0.02,0.6361312,1.9198469,0.00276661,0
1.7064652,0.0033902556,0.023456097,4.390039e-06,0.26,0.0,0.69103616,1.6615056,0.0023451352,0
1.7081861,0.002704678,0.020543933,3.5323363e-05,0.29,0.02,0.8380543,1.4490016,0.0022667786,0
1.7101817,0.0033435612,0.017908573,3.9737602e-05,0.27,0.05,0.8730976,1.4559753,0.0029192746,0
1.7117139,0.0032095332,0.017908573,3.7529488e-05,0.33,0.04,0.87611294,1.4415816,0.0028127125,0
1.7131042,0.0028519612,0.017081618,2.238538e-05,0.35,0.05,1.0814984,1.2426864,0.0030845522,0
1.7147803,0.0033960051,0.019795537,3.407443e-05,0.21,0.04,0.9079377,1.4459965,0.003083849,0
1.7172709,0.0032474964,0.01881826,6.070513e-05,0.13,0.03,0.67908365,1.7304825,0.0022065237,0
1.7189343,0.00788103,0.06154728,-2.0364458e-05,0.26,0.03,0.95216215,1.2312921,0.007504705,0
1.6910237,0.045427367,0.21978629,-0.0012682368,0.05,0.0,0.2650488,4.1612988,0.01219166,1
1.6008536,0.07220532,0.21995103,-0.002394614,0.03,0.0,0.1336238,8.433986,0.009887532,2
1.4955007,0.05734238,0.21113777,-0.0017361419,0.03,0.0,0.24866454,4.5817776,0.014295246,2
1.475374,0.07231846,0.35210323,0.0009852137,0.12,0.0,0.28461128,3.967595,0.020650443,2
1.5850188,0.10776346,0.3657819,0.0029602386,0.01,0.0,0.18467578,6.1027603,0.020033287,1
1.6350552,0.05455784,0.20529413,-0.0012756205,0.1,0.02,0.27823472,3.8030224,0.015180368,1
1.609879,0.03653846,0.13784087,0.0004765439,0.1,0.0,0.31976256,3.2615523,0.01168566,1
1.637254,0.024716247,0.13164997,0.000628628,0.18,0.01,0.47248045,2.44894,0.011679966,1
1.6589633,0.024672842,0.14939761,0.00035847197,0.12,0.01,0.4262909,2.4916391,0.010517994,1
1.6572026,0.029585542,0.22432852,-0.000110544555,0.12,0.01,0.5028372,1.889834,0.014877235,1
1.6493548,0.022542613,0.14793336,-1.731146e-05,0.21,0.01,0.7209203,1.5348293,0.016251735,0
1.6589595,0.023699533,0.12829626,0.0002562962,0.3,0.05,0.79859656,1.5741129,0.018926365,0
1.67,0.021578155,0.09543955,-3.2667294e-06,0.28,0.03,0.95244634,1.343018,0.020553563,0
1.6733198,0.017516011,0.10579777,8.393163e-05,0.26,0.03,1.0233603,1.2585976,0.01792519,0
1.6779122,0.010958356,0.09585643,7.943539e-05,0.17,0.03,0.9946923,1.2033968,0.010903438,0
1.681555,0.0021364982,0.011631608,4.3869404e-05,0.26,0.04,0.7842487,1.5715091,0.0016755352,0
1.6837765,0.0017482961,0.009362102,3.229505e-05,0.25,0.04,0.85819787,1.4817977,0.0015006139,0
1.6854568,0.001765017,0.011206627,2.5125073e-05,0.3,0.02,0.83777267,1.4455632,0.001478769,0
1.6869423,0.0016347322,0.011206627,2.3805831e-05,0.25,0.02,0.83755636,1.4949596,0.001369737,0
1.6891141,0.0025726024,0.015016794,5.9354734e-05,0.25,0.04,0.81412965,1.5169228,0.0020994071,0
1.6912854,0.003648226,0.021045208,4.2176966e-05,0.32,0.05,0.99944526,1.2548612,0.0036462278,0
1.6920438,0.0035905987,0.02050507,1.744543e-05,0.29,0.04,1.0296372,1.2463031,0.0036989648,0
1.6920198,0.0024815842,0.01675558,4.0684167e-06,0.31,0.03,1.0412432,1.2204953,0.0025839643,0
1.6983972,0.007333504,0.024486423,0.00021380236,0.03,0.01,0.31763947,3.5713925,0.0023356976,1
1.7058848,0.0037926242,0.026904225,5.8692356e-05,0.25,0.02,0.6865495,1.7694696,0.0026089202,0
1.7069751,0.0035149308,0.021324158,1.7903973e-05,0.35,0.04,1.0535583,1.2488798,0.0037034985,0
1.7069565,0.0035214957,0.021324158,2.0411765e-06,0.35,0.04,1.0972311,1.1844605,0.0038639128,0
1.7070328,0.0023825562,0.01733327,1.0711468e-05,0.27,0.02,1.0689985,1.1752485,0.0025475065,0
1.7074753,0.001893677,0.01177001,1.4912589e-05,0.28,0.01,0.9685457,1.4060824,0.0018341122,0
1.7077457,0.001632051,0.010584712,1.6376238e-06,0.3,0.01,0.9982826,1.3193592,0.001629251,0
1.7034471,0.011544151,0.05261779,-0.00022420828,0.05,0.0,0.25944868,4.1124363,0.0030287427,1
1.6563028,0.04862044,0.14319181,-0.0013877101,0.03,0.0,0.1627008,5.3592753,0.007951833,1
1.6517844,0.05022305,0.15408993,0.0014217886,0.04,0.0,0.16050082,5.1588907,0.008074086,1
1.7010255,0.027568623,0.11312044,0.0005905747,0.01,0.0,0.118776284,7.925199,0.0033894954,1
1.6995314,0.032614395,0.16190815,-0.00066351873,0.05,0.0,0.17469142,4.6953945,0.005886995,1
1.6448452,0.063116185,0.22647417,-0.0011635199,0.02,0.0,0.13816202,5.3266997,0.008725366,2
1.6351836,0.049839783,0.18645489,0.0012759041,0.03,0.0,0.14167073,4.8915577,0.0071187755,1
1.6743655,0.020661827,0.077458024,0.0002696098,0.05,0.0,0.18898396,4.170988,0.0039139395,1
1.6933069,0.020231742,0.07328141,0.0005397828,0.01,0.0,0.1516466,6.315152,0.0030956136,1
1.705622,0.0025406212,0.016941786,-1.4220514e-06,0.28,0.02,0.8436517,1.50652,0.0021438766,0
1.7053902,0.002429998,0.014978051,-1.5700642e-05,0.27,0.03,0.977659,1.2963612,0.0023765073,0
1.7048802,0.0031813092,0.018662453,-1.8265991e-05,0.28,0.04,0.91930896,1.3867735,0.0029246034,0
1.7048268,0.0034290804,0.018662453,-5.01756e-06,0.31,0.03,0.89763004,1.3886156,0.003078232,0
1.7045561,0.0032251603,0.018678904,-3.0918294e-05,0.36,0.04,0.97458196,1.3133036,0.0031432242,0
1.7042968,0.0032096652,0.020008087,1.0201393e-05,0.43,0.04,1.0284755,1.2726076,0.0033011416,0
1.7048402,0.0028149525,0.019346833,1.20397945e-05,0.39,0.03,1.0292203,1.2607837,0.002897485,0
1.704597,0.0026116893,0.016575217,-1.7571398e-05,0.34,0.02,1.0147709,1.1776317,0.0026505145,0
1.7048885,0.0031190326,0.020291805,2.1660802e-05,0.28,0.03,0.9558799,1.2902716,0.0029814963,0
1.7059511,0.0026131547,0.0193851,1.11736945e-05,0.38,0.04,0.9344329,1.3242927,0.002445435,0
1.7068169,0.0027018646,0.01548636,2.1425074e-05,0.35,0.04,0.97367,1.2910756,0.0026310636,0
1.7075332,0.0032734682,0.017729282,1.3415553e-05,0.32,0.05,0.97445524,1.2876626,0.0031902117,0
1.7076535,0.0027254508,0.017729282,7.1343225e-06,0.35,0.04,0.99828434,1.2867897,0.0027208042,0
1.7072712,0.002638825,0.018992424,-8.125618e-06,0.39,0.04,1.0318254,1.2293986,0.0027233106,0
1.7071015,0.0027718784,0.018992424,5.8649616e-06,0.38,0.03,1.0305523,1.2245508,0.0028566034,0
1.707336,0.0024017703,0.01533103,8.895806e-06,0.36,0.02,1.0185382,1.2340615,0.002446449,0
1.707014,0.002622658,0.016076565,-7.857845e-06,0.32,0.05,1.0462102,1.2004414,0.0027439676,0
1.7063977,0.0022359854,0.012892723,-1.3724062e-05,0.35,0.05,1.0670552,1.1845614,0.0023866522,0
1.7061502,0.0020786037,0.014745474,8.013032e-06,0.27,0.04,0.8518356,1.4391612,0.0017740516,0
1.7060956,0.002926281,0.018001914,3.9931714e-07,0.28,0.04,0.94838977,1.2979292,0.002775256,0
1.7051873,0.0032873296,0.020248532,-3.5844616e-05,0.25,0.03,0.92312485,1.2809058,0.003035524,0
1.7036774,0.002827138,0.015135765,-2.6127651e-05,0.32,0.03,0.86333716,1.3645744,0.0024407697,0
1.7022734,0.002600216,0.018822432,-2.183924e-05,0.28,0.03,0.8895106,1.2569084,0.0023163734,0
1.701914,0.003043353,0.017193913,1.3972078e-05,0.3,0.03,0.9659224,1.2722744,0.002939679,0
1.7016258,0.002787047,0.015720248,-1.7389011e-05,0.27,0.03,0.94386417,1.2953198,0.0026333265,0
1.7012905,0.002859023,0.016732693,1.9439864e-05,0.22,0.03,0.9020361,1.4364917,0.002578973,0
1.7014797,0.0028026314,0.016732693,4.166514e-06,0.22,0.03,0.9338372,1.3676497,0.0026172418,0
1.7015526,0.0023013256,0.014475465,8.4461124e-07,0.24,0.05,0.9631006,1.2901008,0.0022164204,0
1.7015789,0.0035081052,0.020721793,-1.9272784e-05,0.24,0.05,1.0134037,1.256609,0.003555171,0
1.7008679,0.0036094796,0.021176815,-1.4226671e-05,0.22,0.04,1.0181314,1.2330606,0.0036749365,0
1.7002178,0.0024250676,0.01696992,2.5738527e-06,0.29,0.04,0.92103213,1.2698942,0.0022341164,0
1.7004056,0.0020730444,0.014122248,8.900182e-06,0.29,0.04,0.9394992,1.256734,0.0019482187,0
1.7011948,0.0027677463,0.02219069,7.0473748e-06,0.34,0.03,0.9398537,1.2765194,0.0026012762,0
1.7018074,0.0031262229,0.017422676,5.9877966e-06,0.22,0.04,0.9101384,1.3327373,0.0028460613,0
1.7020868,0.0026308633,0.015857697,1.0987165e-05,0.26,0.03,0.91802096,1.3601301,0.002415229,0
1.7027262,0.0020683564,0.007962704,1.6170261e-05,0.25,0.02,0.81187475,1.4996653,0.0016796272,0
1.7031821,0.0021123367,0.01102066,-8.7040835e-06,0.28,0.04,0.8667632,1.4135963,0.00183138,0
1.7027768,0.002167172,0.011001825,-2.0516154e-05,0.23,0.04,0.79750407,1.4582964,0.0017284799,0
1.7024047,0.0022737032,0.013135433,4.503373e-06,0.31,0.04,0.80590683,1.4237869,0.0018328077,0
1.7024994,0.0032632523,0.01948309,-2.572932e-06,0.31,0.02,0.9512699,1.3531938,0.0031045948,0
1.7004393,0.0063627665,0.033667326,-0.000113505695,0.21,0.02,0.49160042,2.5596554,0.003133741,0
1.6843446,0.015215519,0.0446347,-0.00047944285,0.01,0.0,0.14045079,8.536712,0.0021589966,1
1.6725936,0.005056518,0.02993393,7.153258e-05,0.14,0.02,0.4883168,2.4841027,0.0024691678,0
1.6682233,0.021629525,0.08877647,-0.00015348339,0.04,0.0,0.20042282,3.4039848,0.0043352125,1
1.6429863,0.030247154,0.09414601,-0.00053408905,0.05,0.0,0.18306999,3.2282827,0.005566664,1
1.6172585,0.018062834,0.0925343,-0.0003197699,0.07,0.01,0.23382762,3.141574,0.0042980406,1
1.6118525,0.018171621,0.06922364,5.130834e-05,0.06,0.0,0.21811868,4.102182,0.003965942,1
1.6389238,0.035128176,0.121611476,0.00096452294,0.07,0.0,0.14686753,5.0324225,0.0053006993,1
1.6665623,0.024185084,0.093399644,2.41786e-05,0.06,0.0,0.20792219,3.1500258,0.0050305245,1
1.6419548,0.030557182,0.096714616,-0.000958031,0.01,0.0,0.11316125,7.939164,0.003568493,1
1.6119659,0.0058346796,0.022530556,-0.00013098565,0.09,0.03,0.46887946,2.6459978,0.002743306,0
1.6103303,0.0034107866,0.016424298,6.812632e-05,0.14,0.03,0.7831333,1.6579238,0.0026711556,0
1.6124947,0.0034938713,0.015958786,2.2232554e-05,0.18,0.05,0.8475687,1.5468303,0.0029612961,0
1.6105992,0.003937284,0.017840385,-8.856568e-05,0.13,0.05,0.7347431,1.7804937,0.0028941547,0
1.6086588,0.002179891,0.012401223,2.0986285e-05,0.31,0.03,1.0008918,1.2586924,0.0021819058,0
1.6092404,0.0018645007,0.011623383,-1.2315496e-06,0.3,0.03,0.94762236,1.2222904,0.0017668405,0
1.6092196,0.0021705925,0.017088652,2.4515903e-06,0.29,0.02,0.90377027,1.3428525,0.0019618087,0
1.6092997,0.0020659948,0.017088652,8.052278e-06,0.34,0.03,0.94441354,1.321601,0.0019511506,0
1.6101454,0.0025519712,0.015378475,1.9241645e-05,0.29,0.03,0.9650212,1.30937,0.002462847,0
1.6109245,0.0031531567,0.018538594,-3.1465295e-06,0.32,0.04,1.028362,1.25248,0.0032427576,0
1.6112949,0.0025808425,0.018538594,9.455428e-06,0.31,0.04,1.0307506,1.2858251,0.0026605786,0
1.6125641,0.0028070216,0.016935349,3.0365765e-05,0.3,0.02,0.8829736,1.3965893,0.002478522,0
1.6139821,0.0034525625,0.019980669,2.5932417e-05,0.29,0.05,0.9036265,1.3995473,0.003119848,0
1.614768,0.0028483602,0.018753767,1.7278531e-05,0.35,0.04,0.9418454,1.3634801,0.002682746,0
1.6153307,0.0019540684,0.013810158,6.308188e-06,0.32,0.03,0.93401915,1.3426617,0.0018251754,0
1.6160562,0.0021594712,0.01364398,2.5132784e-05,0.29,0.03,0.8915146,1.3776181,0.0019257588,0
1.6175925,0.0025716797,0.014053345,4.185886e-05,0.25,0.05,0.92242384,1.3820543,0.0023725636,0
1.6192126,0.0021443348,0.012993455,2.5723006e-05,0.23,0.04,1.007916,1.292804,0.0021615722,0
1.6209345,0.0021667252,0.013673186,4.6369074e-05,0.19,0.03,0.77579004,1.626461,0.0016811328,0
1.6230623,0.0030259364,0.020470977,3.381587e-05,0.32,0.05,0.97616774,1.317879,0.0029539468,0
1.6241635,0.0030006352,0.017856598,-1.5182928e-06,0.36,0.05,1.043812,1.2107221,0.0031321053,0
1.6249874,0.0031425063,0.019738197,1.9069532e-05,0.35,0.03,0.9793483,1.2791699,0.0030777387,0
1.6255105,0.0029791375,0.017660022,2.012074e-06,0.35,0.02,0.96829855,1.3016237,0.002885078,0
1.6250767,0.0030093186,0.017059803,-9.9350755e-06,0.32,0.03,0.8457834,1.4753149,0.0025453724,0
1.6248245,0.0033363842,0.017059803,-2.9404457e-06,0.25,0.04,0.85833365,1.3730128,0.0028637669,0
1.6239084,0.0030261625,0.016042113,-2.9464043e-05,0.26,0.04,0.8703663,1.3778679,0.0026340524,0
1.6236327,0.003216587,0.016042113,2.4316355e-06,0.29,0.04,0.99482566,1.2730846,0.0031999843,0
1.6237637,0.0034347966,0.017020702,-2.3555203e-05,0.25,0.04,0.9783419,1.3031087,0.003361307,0
1.6229105,0.002590566,0.017020702,3.866886e-06,0.19,0.03,0.9465651,1.3116683,0.0024524622,0
1.6236217,0.0029904565,0.016227365,5.2614047e-05,0.23,0.03,0.87196535,1.5266533,0.0026078185,0
1.6248401,0.0030968837,0.016227365,2.0519074e-05,0.34,0.04,0.9757242,1.3135827,0.0030217585,0
1.6253648,0.0024988214,0.01472795,1.5001248e-05,0.36,0.03,1.0459714,1.2333663,0.002613709,0
1.625278,0.0024391082,0.012716293,-1.3805192e-05,0.35,0.03,1.0012335,1.3020788,0.0024421522,0
1.6246394,0.0020700328,0.012613773,-8.756426e-06,0.32,0.04,0.97307867,1.2859659,0.002014363,0
1.6248224,0.0028515058,0.019310832,2.0906993e-05,0.25,0.05,1.0041518,1.2546312,0.0028636204,0
1.6252927,0.0030663097,0.019310832,8.875823e-06,0.36,0.03,1.0034206,1.2456855,0.0030768153,0
1.6251427,0.0020831116,0.016357899,-8.013917e-06,0.35,0.01,0.98570305,1.2664416,0.002053585,0
1.6246306,0.0015844547,0.007077098,-1.2957315e-05,0.27,0.03,0.9127268,1.3274863,0.0014464837,0
1.6238217,0.0013541235,0.0060184,-2.2629312e-05,0.26,0.03,0.81922597,1.5065145,0.0011094393,0
1.6236465,0.0012410592,0.0072159767,1.2385757e-05,0.26,0.05,0.90691763,1.4003319,0.0011255662,0
1.6243993,0.002222754,0.015969634,1.5894979e-05,0.34,0.03,1.0436755,1.2631217,0.00231984,0
1.6249596,0.0026884936,0.015961051,4.427229e-06,0.34,0.04,1.0362959,1.2568911,0.0027860824,0
1.624859,0.0022796993,0.014508128,-5.374083e-06,0.32,0.03,0.95960504,1.3388044,0.00218761,0
1.6253786,0.0022199184,0.013241172,2.8791115e-05,0.33,0.04,0.9973609,1.3594633,0.0022144497,0
1.6262568,0.0021791486,0.012336969,2.083785e-06,0.34,0.03,0.984088,1.3105565,0.0021444743,0
1.6263399,0.0020188093,0.0104568,-2.7218425e-06,0.32,0.03,0.8553586,1.3712585,0.0017268574,0
1.6273885,0.003233158,0.017234564,2.472077e-05,0.35,0.03,0.8697179,1.4833547,0.0028119674,0
1.6285176,0.0042252867,0.023050189,7.1216523e-06,0.25,0.05,0.98857117,1.2787504,0.0041779894,0
1.6281519,0.003453518,0.022981048,-1.2243563e-06,0.28,0.04,1.0350058,1.2215528,0.0035744247,0
1.6274562,0.0016573874,0.009503126,-7.3885917e-06,0.34,0.02,1.0491679,1.2647052,0.001739328,0
1.6280969,0.0031108668,0.017195582,3.0630912e-05,0.41,0.04,0.9855366,1.2864934,0.003066266,0
1.6288239,0.0033412667,0.016531825,-6.1153773e-06,0.27,0.06,0.9651841,1.2940173,0.0032251948,0
1.6290394,0.0026944517,0.013869524,7.241489e-06,0.25,0.05,0.90661585,1.3455023,0.0024430181,0
1.6299732,0.0032043925,0.022723675,1.7610464e-05,0.2,0.02,0.77526885,1.4140462,0.002485119,0
1.6306187,0.0030309802,0.02251041,7.206423e-06,0.26,0.02,0.83026236,1.4495513,0.0025165558,0
1.6307248,0.0019115281,0.014597774,-6.9852854e-07,0.35,0.02,1.0634506,1.2713466,0.002032844,0
1.6309067,0.0012677237,0.008385658,1.4279556e-06,0.34,0.04,0.9210372,1.3672947,0.0011676315,0
1.6312293,0.0019830312,0.015143633,2.9888397e-06,0.35,0.04,1.1505259,1.1646515,0.0022815547,0
1.6311088,0.0023131045,0.015143633,-1.100365e-06,0.33,0.04,1.109236,1.1873478,0.0025662303,0
1.6312016,0.0024651282,0.017326832,2.2283268e-05,0.24,0.03,0.9493402,1.317592,0.002340345,0
1.6320459,0.003460792,0.019011855,2.3397834e-05,0.35,0.05,1.0282757,1.2554351,0.0035587025,0
1.6321737,0.0028856045,0.019011855,-7.5318953e-06,0.32,0.04,1.0615244,1.2241828,0.0030631789,0
1.632647,0.0025740603,0.018193483,2.0456675e-05,0.26,0.02,0.85445994,1.4102359,0.0021994654,0
1.633109,0.002448297,0.018193483,-1.389422e-05,0.27,0.02,0.88494825,1.3516543,0.0021666458,0
1.6328301,0.0012560186,0.009108424,1.0065683e-05,0.35,0.01,0.95899266,1.3415222,0.0012050567,0
1.6331167,0.0016105957,0.010656953,1.0631399e-05,0.31,0.02,0.96996295,1.2911164,0.0015625261,0
1.6331018,0.0018627841,0.012626529,-7.386236e-06,0.35,0.02,0.9594829,1.2333283,0.001787432,0
1.6336502,0.0033668897,0.018011212,2.8450055e-05,0.32,0.02,0.96440864,1.3891813,0.0032473607,0
1.6333095,0.0032095723,0.018011212,-2.2920345e-05,0.29,0.01,0.941578,1.4554117,0.0030220645,0
1.6325825,0.0017656963,0.012607694,1.5450649e-05,0.36,0.02,0.9305286,1.3564435,0.0016430339,0
1.6332581,0.002024723,0.012471437,1.6092888e-05,0.3,0.02,0.93187916,1.2936462,0.0018867952,0
1.6338192,0.0017255169,0.011391878,1.709029e-05,0.34,0.03,0.98051035,1.3294101,0.0016919107,0
1.6342499,0.0027710826,0.022035837,6.1186847e-06,0.33,0.03,0.9776207,1.2710459,0.0027091256,0
1.6345603,0.002774525,0.022122025,4.8808147e-06,0.32,0.03,0.94595575,1.2878121,0.0026245797,0
1.6348726,0.002289349,0.019263387,1.6746444e-05,0.35,0.02,0.8907338,1.344328,0.0020392025,0
1.6352612,0.002230159,0.016741753,1.4753459e-05,0.3,0.01,0.95441306,1.2339523,0.0021296092,0
1.6358087,0.0029278789,0.022350669,1.5028746e-05,0.29,0.02,0.9381379,1.3067354,0.0027468,0
1.6362118,0.0035521314,0.024794579,6.5608224e-06,0.34,0.02,0.9582693,1.277173,0.0034068534,0
1.6364063,0.0031263272,0.022680998,5.795379e-06,0.33,0.03,1.0198994,1.2207446,0.0031885603,0
1.6369619,0.002991574,0.021938324,1.9544672e-05,0.3,0.03,0.94127184,1.2789487,0.0028158831,0
1.6375068,0.0024357804,0.019072056,9.709307e-06,0.3,0.03,0.9572183,1.3008977,0.0023315863,0
1.6377689,0.0022000254,0.015621901,9.835378e-06,0.32,0.04,0.92943174,1.3130422,0.0020448451,0
1.6385295,0.0033863776,0.020448804,1.4297051e-05,0.29,0.03,0.9687637,1.2821074,0.0032811344,0
1.6390066,0.0036362773,0.020448804,-1.0599949e-05,0.3,0.02,0.9659701,1.2970364,0.003512754,0
1.6387112,0.0033006964,0.021970034,-5.3009426e-06,0.35,0.04,1.0601796,1.2365732,0.0034993615,0
1.6384997,0.0034489324,0.022000194,2.764808e-06,0.28,0.05,1.0012225,1.2746136,0.0034532216,0
1.6382565,0.004015996,0.022397757,-1.2951492e-05,0.27,0.04,0.90362513,1.3883896,0.0036290793,0
1.6395341,0.01032648,0.05919826,8.564592e-05,0.15,0.02,0.44666317,2.3560822,0.0046138274,1
1.6570368,0.028799878,0.10353589,0.0007811461,0.05,0.0,0.15669565,5.748454,0.0045566726,1
1.6857685,0.025620947,0.08666277,0.00060184405,0.03,0.0,0.14042485,7.3379507,0.0036346773,1
1.7311702,0.043185603,0.13595665,0.001256272,0.01,0.0,0.1344073,7.3848453,0.0058705322,1
1.7523655,0.041187022,0.12759817,-0.00035004946,0.02,0.0,0.16440792,5.378242,0.0067724874,1
1.7241322,0.032831926,0.13723195,-0.00078455854,0.01,0.0,0.13694046,6.591059,0.004582344,1
1.7093589,0.004033183,0.027074933,7.827511e-05,0.09,0.0,0.60968626,2.0893924,0.0024591344,1
1.7102524,0.0017416512,0.010083675,-3.1682102e-05,0.24,0.04,0.843342,1.5153257,0.0014694497,0
1.7101846,0.0038799306,0.032564998,4.107006e-05,0.31,0.02,0.9616653,1.4179032,0.0037326454,0
1.7097032,0.005559704,0.049527287,-3.7674457e-05,0.27,0.03,1.0052972,1.3346069,0.0055913613,0
1.713436,0.0080248965,0.045823216,0.00018809614,0.1,0.02,0.588337,1.7679873,0.0047229766,0
1.721241,0.005642726,0.033435345,0.00012723252,0.23,0.01,0.47144014,2.4850016,0.0026715093,0
1.7237272,0.0029196665,0.01638925,-4.884892e-06,0.23,0.03,0.72523856,1.6899719,0.0021185458,0
1.7259842,0.0037031397,0.015139341,7.218706e-05,0.09,0.01,0.4628681,2.6237614,0.0017161398,1
1.7310987,0.008745638,0.05927646,0.00012665491,0.21,0.01,0.64150804,1.7262335,0.0056145033,0
1.7502961,0.027295716,0.1195035,0.000454277,0.1,0.04,0.47169146,2.6821933,0.012875706,1
1.7626736,0.028277904,0.121014595,-0.0002667662,0.14,0.05,0.54311526,2.1807435,0.015358183,1
1.7559627,0.019615252,0.121014595,-0.00015588941,0.14,0.02,0.51463056,1.8986435,0.0101006655,1
1.7508214,0.011559715,0.07306051,-8.256399e-05,0.14,0.03,0.68168575,1.606072,0.007881197,0
1.7339078,0.029848756,0.16048336,-0.0006150205,0.18,0.02,0.45529106,2.5718353,0.013590849,1
1.7467809,0.040462133,0.16048336,0.0008262573,0.03,0.02,0.31063268,3.82046,0.012579306,1
1.7338562,0.061000053,0.21291685,-0.0015132374,0.01,0.0,0.14979061,7.5526214,0.009192753,2
1.6890188,0.08202846,0.34382486,-0.00045320595,0.03,0.01,0.29771602,3.5297835,0.024508052,2
1.702356,0.08196671,0.34382486,0.001067495,0.03,0.01,0.2961668,3.4026797,0.024297228,1
1.737743,0.042195335,0.18570793,0.00088662916,0.01,0.0,0.14388745,5.1102777,0.0062975576,1
1.7517177,0.005722421,0.019410968,-0.00010337587,0.06,0.01,0.32957456,3.4329157,0.0018859686,1
1.7445561,0.0050950637,0.022812366,-0.00015284217,0.03,0.03,0.42821434,2.7899225,0.00218526,1
1.738854,0.0036855615,0.023931503,-8.808708e-05,0.09,0.01,0.53716856,2.1911147,0.0019817383,0
